district,street,house_count,calibrated_score,calibrated_score_life_circle,life_circle_score,life_circle_5min_score,life_circle_10min_score,life_circle_15min_score
嘉定,华亭镇,33,0.20425374174173141,0.13699464520924362,0.19585652308542903,0.19550862576019895,0.21283883014108507,0.17263792892787863
嘉定,南翔镇,1881,0.09909996648990126,0.11530583667330939,0.30205981812799737,0.3336112695102339,0.2759394766126108,0.2881459740379602
嘉定,嘉定镇街道,1222,0.1297836429173912,0.14457637618532354,0.3489379412920616,0.42575918937258805,0.298155809661208,0.2971189286464144
嘉定,外冈镇,404,0.12405907311146612,0.13782431917223942,0.3365175559031889,0.4464087568844717,0.28482837779353437,0.23305648368665258
嘉定,安亭镇,1895,0.12220081781349507,0.12190748102341505,0.2842504530254355,0.3148136457826791,0.27657304603782323,0.24609771439650277
嘉定,徐行镇,494,0.12612236124518253,0.13028512894177655,0.3066560877065029,0.3922019529831093,0.2512275166402606,0.24738270275667193
嘉定,新成路街道,1440,0.1178896827942929,0.13772243495797168,0.34677158629386917,0.4083926608816754,0.30337436673987744,0.3089339743289674
嘉定,江桥镇,2100,0.08432882850679985,0.08434856741142631,0.2140405058117607,0.21876083837237664,0.20750572698641945,0.21563666407025303
嘉定,真新街道,926,0.09882937646741963,0.14685378412193728,0.41055953911617715,0.4980262692569769,0.3567988052894571,0.34587779824830556
嘉定,马陆镇,1077,0.12895016414760174,0.13561900830016257,0.32005954361161926,0.2919196369197309,0.37039073514994153,0.29461972616498944
奉贤,南桥镇,1390,0.11026060212997454,0.09878377151044553,0.22186149503088468,0.22487653257110315,0.21853328780947753,0.2216969250765051
奉贤,四团镇,163,0.12832612833536022,0.08813969436250212,0.1472685260134042,0.13816433235731937,0.16372324625528004,0.13879862752451372
奉贤,奉城镇,457,0.14226401577441455,0.11763619696626627,0.23346685830105948,0.18451184139705754,0.27820311893073557,0.24916412046591616
奉贤,奉浦街道,1177,0.09675018593603447,0.10043926822585646,0.25255202438839586,0.2514785551379508,0.2665889349001059,0.23461790047271408
奉贤,庄行镇,112,0.13135782150501996,0.10237392692185948,0.19660534675622815,0.25384099749529015,0.16434793747332452,0.15018867856979398
奉贤,柘林镇,164,0.13179307785265212,0.13912103605016507,0.3273421678408798,0.46175066454461794,0.2400105380332793,0.23455285484553967
奉贤,海湾镇,968,0.12171003611544727,0.09797032312410216,0.1972409554987753,0.20788968596129917,0.18211275589457154,0.20138246620462233
奉贤,西渡街道,481,0.1021220549718518,0.11277217533154718,0.288438581977288,0.3211113711886366,0.28425232353009205,0.24202288106520464
奉贤,金汇镇,1220,0.0961466812615682,0.09226444945355577,0.22240821474611608,0.2364830291456754,0.21453990713847504,0.21090414235751864
奉贤,青村镇,180,0.12668909245599297,0.11057134374895931,0.23553801284286044,0.21563117839031956,0.28541014179143065,0.19756796743892752
宝山,友谊街道,1417,0.09971234385030442,0.13190125166085143,0.35905167358842,0.40428517447403023,0.3357585220992747,0.3192884842562472
宝山,吴淞镇街道,524,0.11048903078540959,0.15918971169433527,0.4300116870409427,0.5224807338100276,0.3727801546031179,0.3621853576233616
宝山,大场镇,2448,0.1228312522815853,0.1297352379912738,0.30945723322868646,0.33765851910421796,0.2930841806624966,0.28725744942050196
宝山,庙行镇,581,0.05703569638478993,0.06163851748571047,0.17481382751143135,0.09159378910248048,0.219383551744112,0.24556827503999987
宝山,张庙街道,683,0.08681022719175516,0.0898511301696609,0.23081009758876847,0.19103935722830673,0.247137554603304,0.27158484234515734
宝山,月浦镇,872,0.12329465622899233,0.17944196554279246,0.4712088667277552,0.6725927655940638,0.3569679594266597,0.30893189876319527
宝山,杨行镇,1227,0.0936804367440813,0.09140157032343928,0.22363347346499743,0.22923608352611052,0.21103512214721962,0.23230698921210555
宝山,淞南镇,448,0.09956560450101211,0.1415589425695228,0.3913884012506519,0.4346669296036804,0.380285932448801,0.3376862122083975
宝山,罗店镇,1689,0.10382761224903268,0.10228963271864817,0.24599377550182971,0.27131361314219943,0.23530987984777305,0.22043948919291756
宝山,罗泾镇,525,0.11852487724772684,0.1380336365901734,0.34690605051224943,0.46942928354890895,0.29238327977988626,0.2272007566789028
宝山,顾村镇,2702,0.11566224011944606,0.1393927853931138,0.35559140662970756,0.397165106456741,0.34885173094721234,0.2985090328619472
宝山,高境镇,633,0.09086531319216717,0.13502102544404065,0.38508724080242834,0.4402921542671476,0.35994808369263254,0.33195419921259184
崇明,三星镇,2,0.10628885691832346,0.0612698775271413,0.2307415338793401,0.34053420023465186,0.15758701662591368,0.15748959186563832
崇明,东平镇,139,0.13187465869737658,0.11253837182913347,0.23364792222023398,0.26290232378356776,0.21202351056089774,0.21711505604197073
崇明,向化镇,2,0.12899932540741268,0.08522971235430697,0.3772861091036158,0.5023928821959094,0.3350905472708615,0.2361890587218021
崇明,城桥镇,150,0.11365872546997183,0.09645891998610669,0.20601789827737443,0.24936578135562718,0.1660996904114599,0.19254677636445047
崇明,堡镇,41,0.18372358483524126,0.1893276212810449,0.4010181628872064,0.5565824459150167,0.30027163947929886,0.2931604428137801
崇明,庙镇,2,0.053890799299511384,0.023118131345084184,0.004186817481053706,0.0,0.0,0.016747269924214825
崇明,新河镇,16,0.17332203386606312,0.16373551549622867,0.33755928120891027,0.3631865735339614,0.3353614002544794,0.2996326468250318
崇明,新海镇,130,0.10832066252632894,0.09393603867527686,0.2068080333838722,0.25635881699734814,0.17064188165879976,0.17815939201741202
崇明,港西镇,11,0.12755402470744104,0.09504260174256939,0.17519520431914862,0.227906173099836,0.11856696426698933,0.1701371903430719
崇明,竖新镇,6,0.2525794527888034,0.16078214233590646,0.2729292402225307,0.39828436854430116,0.2010442803289231,0.1729999787587487
崇明,长兴镇,210,0.13359554519405709,0.12217162416176047,0.2654331247648719,0.3184545013109818,0.2398207114936188,0.21645630087085033
崇明,陈家镇,458,0.11390324596436713,0.0741844084201463,0.11681077143138142,0.12804853154255838,0.11120940388236339,0.10667226982212355
徐汇,凌云路街道,648,0.09652079812881238,0.15879620896206864,0.45240600923943763,0.5707004492703872,0.3689107348683317,0.3800282893094666
徐汇,华泾镇,516,0.09020237643330425,0.156330017947814,0.4552532425965037,0.6234986458905382,0.35980276279975615,0.3196912690414952
徐汇,天平路街道,286,0.149205400751542,0.19454727773178085,0.4755428325907602,0.5227501767345458,0.4528999206933597,0.4317111586170637
徐汇,康健新村街道,969,0.08043165435353634,0.13209451278945902,0.39365836505166946,0.4404318023071916,0.3632364945595068,0.3614114841318617
徐汇,徐家汇街道,1555,0.10619258457750051,0.13680070965399563,0.3661377026736458,0.2742374490134193,0.4375903959162746,0.4131443379903281
徐汇,斜土路街道,811,0.09318551897166141,0.13578569862958365,0.38526586722807604,0.3487643124072051,0.43802021087430915,0.36981227383674303
徐汇,枫林路街道,898,0.1139116659886285,0.17199024297047394,0.46570570739036765,0.5273272787523908,0.4381565672282494,0.405679989438096
徐汇,湖南路街道,131,0.15129450332060973,0.19845490519978537,0.4836991545948286,0.5115864340743308,0.47027025114556587,0.4578799722565927
徐汇,漕河泾街道,878,0.07470168803123724,0.11504391455694059,0.34580056289470096,0.3469432617218542,0.3532657977033384,0.33352091603916356
徐汇,田林街道,1032,0.07423173951475777,0.11541044032808766,0.3489830016281613,0.352779998333837,0.3351413362932695,0.36228613836792894
徐汇,虹梅路街道,234,0.08833946781432025,0.15318006631193265,0.4496000983258962,0.5957699722261987,0.3707303624320618,0.32614593033678035
徐汇,长桥街道,758,0.07836797989636297,0.14492809864065573,0.43950570750518136,0.5757718095001275,0.36103040275864284,0.3313453709584218
徐汇,龙华街道,512,0.06860123939024997,0.10657800294458396,0.3261673429996058,0.3120906514940045,0.3453181853146242,0.3218788701675422
普陀,万里街道,634,0.05851439683496333,0.08346212871457026,0.25959033096101874,0.2576065530189572,0.23777319770709207,0.29330836222381446
普陀,宜川路街道,559,0.08481507892111331,0.1650998263652451,0.49343737238281177,0.6442366326443544,0.4085208924398303,0.3710416278845177
普陀,曹杨新村街道,500,0.09703884343681929,0.18648099666736204,0.537380028963065,0.6836776745338803,0.4511264359945905,0.42405882620562485
普陀,桃浦镇,1051,0.11841262568431063,0.14776199837155227,0.3786975039445404,0.4970110290667855,0.3176037971942837,0.27492705319930744
普陀,甘泉路街道,540,0.10044501536445657,0.13325071122667023,0.3624526314464733,0.35109287875579925,0.366627729750356,0.37478309812611593
普陀,真如镇街道,1554,0.09800139632033616,0.1616842323132978,0.4589851131088264,0.5914186787946533,0.38276025359882426,0.3538062113255064
普陀,石泉路街道,604,0.08667002866380556,0.16698549215592437,0.49560278691659343,0.6031617828177364,0.4593727945145431,0.3742303828376353
普陀,长寿路街道,1349,0.10617063721104515,0.18373173886494493,0.5143419026449908,0.6228070856607515,0.46522011220892534,0.4095681164302654
普陀,长征镇,1174,0.08018303885405066,0.13456513647513718,0.4027042715048438,0.45638720074001077,0.3840304238064284,0.34295497150635806
普陀,长风新村街道,867,0.09389912368292015,0.1595377894066634,0.45998639782010214,0.5370269543478812,0.4285444620566619,0.380740217444472
杨浦,五角场街道,601,0.14501709807031987,0.20375341498160676,0.5074857750316449,0.6488113800091957,0.4342624416571988,0.3838774737917881
杨浦,五角场镇,692,0.10324021475964022,0.17082245394423787,0.47849003522887573,0.5915340374300874,0.4300452301171039,0.36544235886341775
杨浦,四平路街道,323,0.12339925365508363,0.1940557215309919,0.5157851488032642,0.6266688323113826,0.461722999503732,0.41405826420961966
杨浦,大桥街道,531,0.08738826195770788,0.1435233546997584,0.42029687919599507,0.45040318951066916,0.4236639580207006,0.36741287233792863
杨浦,定海路街道,336,0.09274755617568275,0.1606280058864614,0.4649412394341954,0.5876437589655054,0.39532904616340947,0.3660742787631997
杨浦,平凉路街道,434,0.07822611997940104,0.14298122542967817,0.4347078671740729,0.5469819420840104,0.3876198179273398,0.32099261626359915
杨浦,延吉新村街道,332,0.10095179773094433,0.15029831013026834,0.4181877393838243,0.44302927098906403,0.42267818122206036,0.37215467024191023
杨浦,控江路街道,551,0.10094645244539868,0.18932628932867895,0.5392546510588343,0.6972793963182422,0.45106510992313814,0.40988041623375654
杨浦,新江湾城街道,448,0.10281637789185917,0.12735238170495292,0.3372489442740612,0.37159262636449525,0.31218329242603465,0.31739096551660373
杨浦,殷行街道,639,0.11632428474597163,0.1752930605610201,0.47010467913636184,0.59394855695951,0.3974048987639559,0.37373416714069296
杨浦,江浦路街道,490,0.10441743709151075,0.17668818418688056,0.4957882483519624,0.5923047817118906,0.45215920052920594,0.4024424619279363
杨浦,长白新村街道,278,0.09927781679804347,0.1561617292008973,0.43960090662413676,0.5251710122778964,0.39520400386022597,0.3648444014475963
松江,中山街道,872,0.101141613476191,0.12283974638184803,0.3253039622436955,0.3688484734804638,0.31203882906508895,0.2742039307149154
松江,九亭镇,848,0.09565552542054948,0.12542273211510707,0.34405462941632753,0.4421918267165374,0.2902995593223672,0.2622922118675361
松江,九里亭街道,818,0.08809624055876696,0.12018098919807053,0.33925934190705215,0.41884448373990785,0.29575731186366483,0.2728259570352252
松江,佘山镇,1301,0.10109117561630733,0.07902851643343826,0.1608490846481056,0.1546048019892677,0.1552660636767755,0.17865616626210837
松江,叶榭镇,51,0.16789086146763327,0.1682000050433407,0.36073815984579516,0.40156918443894934,0.3685654585120534,0.2844503023639869
松江,小昆山镇,171,0.12472832655677642,0.11147922466195483,0.24275833639878472,0.27558777344889557,0.2152607600289956,0.2287278440363121
松江,岳阳街道,635,0.10559096374660457,0.15011020571797934,0.40972526641080415,0.5291762748335282,0.3420602674403133,0.3133346514931329
松江,广富林街道,681,0.08643272398426764,0.10333481845374136,0.2813777708630178,0.36109905558964506,0.23905384166973923,0.2130772161710041
松江,新桥镇,1505,0.0900287090080811,0.11096461120426729,0.3028802475582961,0.3697742170811415,0.2721615212137805,0.2388561132040653
松江,新浜镇,40,0.24802580334698457,0.1767781041645169,0.2593807673480336,0.17234424334564186,0.3229814066940206,0.30959831066747856
松江,方松街道,1637,0.10402088777313998,0.11305648243801117,0.28503661323924445,0.25426135142964,0.3198366873961801,0.2855569283149016
松江,永丰街道,453,0.1049747080235339,0.14209245275077953,0.38426196952263425,0.5116314663445162,0.30601119504613256,0.29002185887472554
松江,泖港镇,25,0.21938063360238896,0.19303753993722744,0.35465163423778384,0.4078572235770989,0.3568231208963383,0.2664826099729036
松江,泗泾镇,2017,0.08873698590128898,0.1079479199936868,0.29472460625986896,0.3722699930202631,0.2486162408771739,0.23520369897901158
松江,洞泾镇,800,0.08258941070369331,0.08050806957562832,0.20202887179010356,0.20350331422929582,0.19659190184924996,0.20728152180459097
松江,石湖荡镇,7,0.14249980878603188,0.10724568786368935,0.2504835405386533,0.3180267330614959,0.18799059018809222,0.2299045629928907
松江,车墩镇,468,0.10204176147883598,0.09929370572608096,0.238641038594375,0.33272310173429853,0.1707134327395049,0.1832083857673155
浦东,万祥镇,76,0.12858809045185685,0.10747122316134718,0.22118994341760265,0.1925758232374792,0.2611069569034064,0.211088716825675
浦东,三林镇,2767,0.10343344786699156,0.14715635097920113,0.40202687158526257,0.4908096493452826,0.35206924588896765,0.3299151031440435
浦东,上钢新村街道,581,0.09444803580687097,0.17651378423355327,0.5111385573246142,0.6597305020987033,0.43090978469842867,0.38571172736273124
浦东,书院镇,95,0.17653263381584425,0.1707646717257003,0.3552440082304245,0.4869126053678943,0.29345613464542386,0.23107727582947354
浦东,北蔡镇,1125,0.09832265016950613,0.15070322883709816,0.4228758197409788,0.5260867309297503,0.36365189594666614,0.34065185515098223
浦东,南汇新城镇,1015,0.11440184926488692,0.12489612074453017,0.3087073624209781,0.40117059372779973,0.258583123307441,0.2309401270890157
浦东,南码头路街道,703,0.11185123662995841,0.1442746892353968,0.37957783827955505,0.4217189843966944,0.3661030048105957,0.33101677134867513
浦东,合庆镇,249,0.1252333699652348,0.16153461679273357,0.4121571151485357,0.5759197071155142,0.317914374786886,0.2820768045076797
浦东,周家渡街道,1413,0.10989821803259042,0.16610256120486266,0.4525938604805985,0.5539798019588901,0.3935538551301981,0.3730323616058924
浦东,周浦镇,2178,0.0977874307317616,0.12383372475461309,0.33434819846044406,0.40312424712851347,0.29343967356004774,0.28157845545208793
浦东,唐镇,951,0.07740032995727532,0.10280682281312736,0.2959870932438429,0.34671365614909005,0.2742538138463635,0.24525118375191876
浦东,塘桥街道,476,0.10745282714780291,0.1839437010135554,0.5119450785706592,0.612720908009183,0.45942868174025636,0.4242267070315849
浦东,大团镇,97,0.1561445955546172,0.14158278606231162,0.2938951362671848,0.4010269922538005,0.2290238516426867,0.21330396516289696
浦东,宣桥镇,420,0.09963177898753156,0.09869934923301667,0.24073624116333087,0.2969186337890668,0.20174040905269117,0.2054385779170489
浦东,川沙新镇,1225,0.13971574268294548,0.15263515684537182,0.3580504341924618,0.42459459374020253,0.31541189408388254,0.31127373506808775
浦东,康桥镇,1889,0.08806235810832365,0.11913981136678532,0.3350219510985077,0.41527081534064175,0.3009013348593192,0.2543926310459571
浦东,张江镇,1793,0.09390219012818728,0.12527520066269104,0.3455855940328707,0.4313027197557347,0.307385179444013,0.2619187733006891
浦东,惠南镇,1678,0.12261979017654775,0.118070788003163,0.2698917666094999,0.32175951364940364,0.23700022858317193,0.23295152458251292
浦东,新场镇,332,0.11416098284745532,0.1326304752917793,0.33617395113753407,0.40361544185035636,0.29513949601441386,0.28571580316938683
浦东,曹路镇,790,0.10258032809464696,0.12737328343094478,0.3381171636668077,0.37472871472881436,0.3304745079174349,0.290238400016719
浦东,沪东新村街道,670,0.09284066545638836,0.1569831183215813,0.4534412845511477,0.5837494531653186,0.38929098328453077,0.3347586365417377
浦东,泥城镇,331,0.13711331887231845,0.1493713303000198,0.3526767536609167,0.4568822465440779,0.2901089961263823,0.2735428255962071
浦东,洋泾街道,1265,0.07429833554291024,0.14608511007357503,0.45077672673601527,0.516293873143437,0.42117723453474215,0.387388581565923
浦东,浦兴路街道,1271,0.09975166271261474,0.16586505792373793,0.4692934487358155,0.5838038845143582,0.4198077115110179,0.3553567836048639
浦东,潍坊新村街道,766,0.10029789293876822,0.17029690645148493,0.48317680536317353,0.5521369655278636,0.4702582877100357,0.3909264738140623
浦东,祝桥镇,785,0.12925437894043557,0.13738084574061346,0.3252414686153187,0.3885375812937131,0.2923315592356067,0.2700415614614846
浦东,老港镇,15,0.2811119959077139,0.22798910678035053,0.36329173412267546,0.4838836819156657,0.30149913352861196,0.2568542584855798
浦东,航头镇,1422,0.09679008459251387,0.10760120393400666,0.2785031436418177,0.31545564054460107,0.27216571842770765,0.22825154389711838
浦东,花木街道,3034,0.10073290728659626,0.15526174335964735,0.43345125444640564,0.464506408349377,0.4468231704440612,0.3650423258049338
浦东,金杨新村街道,1311,0.0955391418813202,0.16584471717469873,0.47620416001702787,0.6032269770288429,0.41105267643761617,0.36417972980930013
浦东,金桥镇,488,0.09419110054221153,0.12318002297880248,0.33841667385653146,0.3613087143321726,0.33726824792251014,0.3033972054031352
浦东,陆家嘴街道,916,0.14312078172482018,0.1957894187172103,0.4874392095750126,0.5870351656251204,0.4410071517845107,0.3930905608015427
浦东,高东镇,310,0.08285965717112277,0.12067196312819183,0.350355231531677,0.46114931087827987,0.2961977474037784,0.24890518235617062
浦东,高桥镇,1024,0.13662954965107565,0.17973475727285018,0.4493162927071056,0.5820815199352307,0.3856398540604471,0.32603894324742727
浦东,高行镇,1364,0.09219530927894867,0.12479398726311695,0.347268590678983,0.42408006519612385,0.31340093238596384,0.2717849530617847
虹口,凉城新村街道,434,0.10426646360944102,0.16373930231997327,0.45509836923358366,0.6077805554972961,0.3552318635193648,0.3506199792115499
虹口,北外滩街道,341,0.23716632303106785,0.26410889419047173,0.5319064344252101,0.6600706291375511,0.45555696258934464,0.43373298345567635
虹口,嘉兴路街道,1050,0.15060504269426933,0.21148799325101827,0.5226727652987089,0.6675239601807378,0.4450305778872035,0.3996099158635699
虹口,四川北路街道,242,0.1889251641529352,0.21920595323340117,0.4837525277648821,0.5225904144651897,0.4727189658269677,0.4370588957574699
虹口,广中路街道,715,0.15025583269418485,0.21053308452237118,0.5200384110213098,0.6469690208436002,0.45665187785930983,0.40569058173244466
虹口,曲阳路街道,474,0.14233227796153436,0.19647055877724698,0.4917040399449481,0.5845845255151819,0.44415576502446513,0.4096628479212499
虹口,欧阳路街道,291,0.13348143898714734,0.17613876359600017,0.44539988044553847,0.496455078875861,0.4388752557805895,0.3728460374879508
虹口,江湾镇街道,633,0.11300619010020435,0.16897689435133045,0.45656474569617794,0.5979931671884917,0.37660576272244695,0.3422218474716992
金山,亭林镇,458,0.14532967875395003,0.12822619490257575,0.2660888721607161,0.31440408198806347,0.24302754527639142,0.22107039407501472
金山,吕巷镇,81,0.12897679904708403,0.11459873570834511,0.24620136640806495,0.2872090051608874,0.24419424818144597,0.18339910992081562
金山,山阳镇,999,0.124103549884149,0.11351024354593657,0.2511825490625007,0.2332792236359974,0.2640644138262747,0.2617932590756223
金山,廊下镇,50,0.14232429493088247,0.09577273627591969,0.15112641961587436,0.1301546987433627,0.1981815280019593,0.11880402127137416
金山,张堰镇,240,0.10639848249613043,0.07183149389497101,0.12198859713961811,0.14834383373098203,0.0821232510518107,0.13563170311636621
金山,朱泾镇,135,0.1354972945369598,0.11453437235494436,0.23435308259030593,0.20242564447663566,0.26441194508220117,0.24335457608352506
金山,枫泾镇,214,0.14846913023067,0.10866304981074204,0.18967251793842255,0.15145346120469155,0.20050009161253834,0.23566440556863014
金山,漕泾镇,20,0.23045692960651692,0.1743488849028,0.27834158129160985,0.377553072530704,0.22642874991659095,0.1922811592340856
金山,石化街道,518,0.11842745009855238,0.12212623572913539,0.2926189801291235,0.34506456999905094,0.2554327067311622,0.2607668190943856
金山,金山卫镇,663,0.10353365554199101,0.095321400229488,0.22138016216711776,0.26283599809573416,0.1936872055672681,0.19382096392112108
长宁,仙霞新村街道,1041,0.12601750063982728,0.20013489413252744,0.5295099719247728,0.6613922816789508,0.45634401701244953,0.42093061319534053
长宁,北新泾街道,335,0.08892148678834455,0.13091651691639147,0.3749756744767878,0.384638705813394,0.3948657665757295,0.3316686953996995
长宁,华阳路街道,427,0.11475620790723107,0.20232187351878136,0.5549883985122532,0.6692650506037666,0.5024400884999624,0.44571338918303915
长宁,周家桥街道,579,0.10177105738935152,0.17621311206414011,0.49886605524183264,0.5411680672141327,0.4912772920338766,0.4418071045772909
长宁,天山路街道,310,0.16856586729266315,0.22927220500707474,0.5443005150046742,0.6637106837061196,0.4572755763013171,0.47507915926706157
长宁,新华路街道,396,0.08635626757698059,0.13963797540859327,0.4103743667390421,0.42914646673358636,0.4003515679181527,0.3943709250970165
长宁,新泾镇,1056,0.11002560738120912,0.1522711660516651,0.40821488940585243,0.44570731680582704,0.3935046316907532,0.3688213663670321
长宁,江苏路街道,445,0.09736774678618892,0.18885979269029277,0.5452885140656978,0.6537724631052974,0.49413484630916477,0.4433293304614847
长宁,程家桥街道,229,0.11170958076167632,0.13691658847429,0.3547819632231207,0.31496283205102504,0.3955137524466113,0.3614680681855871
长宁,虹桥街道,638,0.1500444961836268,0.2015594446688942,0.49385756815734616,0.5713266640884898,0.45570559660115245,0.4233197748461877
闵行,七宝镇,1944,0.14034682555590072,0.17135330600333706,0.416734287108161,0.5148927370817071,0.3633820471546443,0.3343739030854107
闵行,华漕镇,706,0.07950709575811737,0.10220282190495744,0.2900880447677376,0.29248494149640114,0.2774514663656878,0.3039442197647457
闵行,古美路街道,1250,0.10392471905048958,0.14514097772421827,0.395191429550825,0.4582851645606732,0.3678018402796456,0.3325868785147191
闵行,吴泾镇,603,0.09462532470611965,0.12387140075068416,0.3404392998973903,0.44029016039051094,0.27441619212962326,0.27311027398327103
闵行,新虹街道,427,0.11588416562301063,0.148321189861743,0.38481585231987386,0.4870920103047712,0.3261393675384363,0.30332107823805066
闵行,梅陇镇,2242,0.1086758053585986,0.15145375615078305,0.4074228334781982,0.5317366442531832,0.34060718533820367,0.3020626436342145
闵行,江川路街道,1077,0.11292895630053765,0.15525257551502636,0.4133300578567206,0.5237698577790716,0.3428382328995665,0.33531493292097475
闵行,浦江镇,1684,0.10808112841482818,0.12344510060148009,0.31485153847664094,0.376800556158756,0.2815146286193907,0.262404783985407
闵行,浦锦街道,1042,0.09600921764010856,0.12149560868264082,0.32900378469259145,0.380912818227278,0.30632852519654696,0.2776946943315552
闵行,莘庄镇,2959,0.12864815409018898,0.16897063032349363,0.42909836967297194,0.5127937927682652,0.38996984093648546,0.34996563295158367
闵行,虹桥镇,1427,0.12271415669819531,0.17219731812097513,0.44942656052153424,0.5453533032747054,0.40229403692970744,0.36192930514501764
闵行,颛桥镇,2285,0.10693531124607156,0.1352421068429902,0.3568229006156225,0.4510829474287845,0.3095969914438,0.27212309855511496
闵行,马桥镇,778,0.08796619147131857,0.09767158166341042,0.25784935328596537,0.3394461538589659,0.2045690023984372,0.20188696361170383
青浦,华新镇,650,0.11644420871289231,0.12564277988045855,0.3076115081284362,0.34864383110979663,0.2922686738037501,0.26343975941281994
青浦,夏阳街道,1260,0.09498566628803817,0.13219345660666387,0.36874155406677345,0.4655625782277972,0.29836141493448,0.3123601101943463
青浦,徐泾镇,1598,0.08993588411141908,0.09126483432410737,0.2293085066494197,0.19801898981059154,0.2520365377047468,0.24755249011408684
青浦,朱家角镇,797,0.10803073849528395,0.08169371248098972,0.1583074357825133,0.18467518529679172,0.13419583764198553,0.14987527395640668
青浦,白鹤镇,132,0.1226586902132151,0.08881543631445556,0.16028482413790882,0.13060444474272145,0.19000771021910634,0.16616139065653213
青浦,盈浦街道,707,0.09737045087890493,0.11376248878718381,0.30008046498245133,0.34745197112805815,0.27439057768250347,0.2602518973694075
青浦,练塘镇,96,0.1312798110039502,0.07376912674460362,0.08218257124019909,0.060411327864740426,0.06104721821531142,0.14660605487577572
青浦,赵巷镇,1383,0.09314595041644018,0.0927332539388984,0.22942879629758386,0.25302482998748005,0.20915650345709455,0.22005635237043505
青浦,重固镇,440,0.10108575117602753,0.14057166775826985,0.3861679340139206,0.4796918465852903,0.3598518402739678,0.2733722051356626
青浦,金泽镇,45,0.2224719725263537,0.14000756072213755,0.1767280996842397,0.18973723717337845,0.16933635197696983,0.1662619264917955
青浦,香花桥街道,249,0.07995891941624425,0.08378790841930832,0.220065688138411,0.298100315236223,0.15449567162994035,0.18700830789377051
静安,临汾路街道,228,0.098679731409411,0.15433559744361855,0.4345540167613519,0.5149731108157031,0.39900184499184527,0.3556565067516994
静安,共和新路街道,709,0.09140639213453092,0.15885491248338307,0.4627678217693321,0.5595440400197382,0.40964674930150363,0.3822953740236425
静安,北站街道,210,0.22928819567100434,0.26610859713429713,0.5511530018930606,0.5511673954438592,0.5345009158991184,0.5744428926033018
静安,南京西路街道,154,0.12876052311086614,0.16988569862492173,0.43505491897296444,0.41135295996212745,0.44190466578043514,0.46338840785984475
静安,大宁路街道,945,0.07772490488276361,0.13133123786928871,0.3962754207754408,0.4482406639125409,0.3707618221537496,0.34885006982644856
静安,天目西路街道,235,0.08651542953478977,0.1415028950212512,0.4167449262473214,0.42028333240765725,0.4204313729134325,0.40592245105822855
静安,宝山路街道,324,0.14616792763023462,0.19699571086722611,0.48763193458814924,0.6235094468520048,0.4110928854249964,0.3773825837943942
静安,彭浦新村街道,580,0.10480941209403677,0.14565009660618233,0.39578042309497596,0.4330995584248393,0.38454557618401564,0.35179859224253907
静安,彭浦镇,994,0.08884516208278145,0.13529035315073856,0.38958131347148195,0.4549905436590977,0.3577618780795815,0.32947375471995743
静安,曹家渡街道,554,0.1130532683734391,0.18711499303647827,0.5139040766240739,0.5956544260738347,0.48536260572140844,0.42306157676818823
静安,江宁路街道,538,0.12234281979068526,0.18756048046046364,0.4998688273954364,0.5603333341065151,0.4577705517709702,0.46206320253196353
静安,石门二路街道,179,0.09940390973469407,0.13068954659575688,0.35865827653279825,0.30676592870570574,0.3776812509679156,0.4150538688469821
静安,芷江西路街道,375,0.09056325837157503,0.1307627430978227,0.37297669819966156,0.34054549729223854,0.4077909426884577,0.37612667736722377
静安,静安寺街道,172,0.15840736274278266,0.24103936626215505,0.5934271518717685,0.7295636394646758,0.4800138090530111,0.5343874516693771
黄浦,五里桥街道,546,0.12243341829911317,0.171500748959284,0.4502092827354879,0.4925184915004699,0.44775714608636985,0.3859475400202821
黄浦,半淞园,832,0.14856672962448966,0.19301182610751255,0.4719091941339632,0.5720001250334292,0.41721613827217047,0.3883339829013273
黄浦,南京东路,325,0.2528996359247343,0.29049062212691845,0.5797719740848339,0.6805892930778159,0.4706329013409245,0.5712589655375361
黄浦,外滩,249,0.31299474601174565,0.33870422744840234,0.6126782598545937,0.7439529693965422,0.4932344159200082,0.5698601060958959
黄浦,小东门,299,0.18694960040215308,0.22307195981931507,0.4972127712184271,0.6254876478764901,0.4417882760847097,0.3695672617527305
黄浦,打浦桥街道,575,0.1518103796536768,0.18673541829255477,0.4488664569582672,0.4575713912948417,0.46394303014970606,0.4138313595517337
黄浦,淮海中路街道,188,0.21204556516445178,0.2519462067975676,0.539370064666803,0.609048442547837,0.4931466188665253,0.4925974841775375
黄浦,瑞金二路街道,146,0.17578584081916732,0.2042183149370834,0.4611220504738578,0.4482795326605566,0.4700799025169887,0.46912908611475657
黄浦,老西门,228,0.18019923352126044,0.22827823611797327,0.5238580043547836,0.6690894691110141,0.42815110104805953,0.4254773253742285
黄浦,豫园,156,0.22449348751995213,0.2639254476929163,0.5530187723675011,0.685221860659072,0.4660532692607057,0.4632455354505009
