geocode_key,district,street_source,community_name,row_count
闵行-莘庄南广场-上海康城,闵行,莘庄南广场,上海康城,249
浦东-临港新城-滴水湖馨苑(公寓住宅),浦东,临港新城,滴水湖馨苑(公寓住宅),175
闵行-七宝-万科城市花园,闵行,七宝,万科城市花园,139
松江-松江大学城-保利西子湾,松江,松江大学城,保利西子湾,123
浦东-周浦-美林小城,浦东,周浦,美林小城,118
长宁-天山-仁恒河滨花园,长宁,天山,仁恒河滨花园,113
浦东-陆家嘴-汤臣商务中心,浦东,陆家嘴,汤臣商务中心,109
浦东-高行-绿地崴廉公寓,浦东,高行,绿地崴廉公寓,103
浦东-张江-张江汤臣豪园二期,浦东,张江,张江汤臣豪园二期,93
普陀-真如-高尚领域(商住楼),普陀,真如,高尚领域(商住楼),90
浦东-康桥-康桥半岛城中花园,浦东,康桥,康桥半岛城中花园,88
宝山-顾村-金地天地云墅(公寓住宅),宝山,顾村,金地天地云墅(公寓住宅),84
浦东-塘桥-蓝高小区,浦东,塘桥,蓝高小区,79
闵行-老闵行-新华小区(老闵行),闵行,老闵行,新华小区(老闵行),74
黄浦-蓬莱公园-中福浦江汇(中福花苑二期),黄浦,蓬莱公园,中福浦江汇(中福花苑二期),71
静安-彭浦-共康四村,静安,彭浦,共康四村,70
青浦-赵巷-合生御廷(别墅),青浦,赵巷,合生御廷(别墅),69
嘉定-江桥新城-绿地新江桥城(东区),嘉定,江桥新城,绿地新江桥城(东区),68
徐汇-华东理工-梅陇十一村,徐汇,华东理工,梅陇十一村,68
浦东-金桥-丽都成品,浦东,金桥,丽都成品,67
浦东-高行-宝佳苑,浦东,高行,宝佳苑,67
闵行-龙柏金汇-龙柏二村,闵行,龙柏金汇,龙柏二村,66
宝山-罗南-美罗家园宝欣苑九村,宝山,罗南,美罗家园宝欣苑九村,66
宝山-高境-高境二村,宝山,高境,高境二村,64
浦东-外高桥-高行绿洲六期,浦东,外高桥,高行绿洲六期,64
普陀-万里城-中鹰黑森林(中环凯旋宫),普陀,万里城,中鹰黑森林(中环凯旋宫),62
闵行-春申-上海星河湾(二期),闵行,春申,上海星河湾(二期),61
长宁-仙霞-水霞小区,长宁,仙霞,水霞小区,61
浦东-金桥-晶波坊,浦东,金桥,晶波坊,60
浦东-三林-三林安居苑,浦东,三林,三林安居苑,59
浦东-梅园-梅园四街坊(福沈小区),浦东,梅园,梅园四街坊(福沈小区),59
浦东-梅园-梅园新村(浦东),浦东,梅园,梅园新村(浦东),59
普陀-长风-中海紫御豪庭(一二期公寓住宅),普陀,长风,中海紫御豪庭(一二期公寓住宅),58
浦东-周浦-绿地景汇佳苑,浦东,周浦,绿地景汇佳苑,58
浦东-金桥-东陆新村二街坊,浦东,金桥,东陆新村二街坊,57
浦东-金桥-金桥新城(二期),浦东,金桥,金桥新城(二期),57
嘉定-嘉定新城-龙湖郦城(西区公寓住宅),嘉定,嘉定新城,龙湖郦城(西区公寓住宅),57
松江-佘山-佘北家园嘉枫苑,松江,佘山,佘北家园嘉枫苑,56
金山-金山新城-赞成红树林家园,金山,金山新城,赞成红树林家园,56
浦东-新场-丝庐雅苑(二期公寓住宅),浦东,新场,丝庐雅苑(二期公寓住宅),56
黄浦-老西门-老西门新苑,黄浦,老西门,老西门新苑,55
闵行-浦江-瑞和雅苑壹街区,闵行,浦江,瑞和雅苑壹街区,55
松江-九亭-志成花苑知雅汇(公寓住宅),松江,九亭,志成花苑知雅汇(公寓住宅),54
松江-泗泾-牡丹逸庭,松江,泗泾,牡丹逸庭,54
浦东-张江-玉兰香苑(三期),浦东,张江,玉兰香苑(三期),54
闵行-浦江-浦江瑞和城玖街区,闵行,浦江,浦江瑞和城玖街区,53
嘉定-南翔-上隽嘉苑(公寓住宅),嘉定,南翔,上隽嘉苑(公寓住宅),53
浦东-周浦-保利艾庐,浦东,周浦,保利艾庐,53
松江-松江新城-泰晤士小镇(公寓住宅),松江,松江新城,泰晤士小镇(公寓住宅),52
嘉定-黄渡-大众春盛苑(公寓住宅),嘉定,黄渡,大众春盛苑(公寓住宅),51
松江-泗泾-新凯城银杏苑,松江,泗泾,新凯城银杏苑,51
闵行-马桥-保利佳苑,闵行,马桥,保利佳苑,51
浦东-世纪公园-陆家嘴中央公寓,浦东,世纪公园,陆家嘴中央公寓,51
闵行-金虹桥-名都城(一期),闵行,金虹桥,名都城(一期),50
闵行-龙柏金汇-金汇华光城,闵行,龙柏金汇,金汇华光城,50
浦东-周浦-中金海棠湾(三期公寓),浦东,周浦,中金海棠湾(三期公寓),49
浦东-金桥-爱法新城,浦东,金桥,爱法新城,49
浦东-高行-华高二村,浦东,高行,华高二村,49
嘉定-安亭-玉兰三村,嘉定,安亭,玉兰三村,49
松江-车墩-金地JIMU积木,松江,车墩,金地JIMU积木,48
虹口-曲阳-东体小区,虹口,曲阳,东体小区,48
松江-松江新城-昌鑫花园(公寓住宅),松江,松江新城,昌鑫花园(公寓住宅),48
浦东-临港新城-绿地东岸涟城(南区公寓住宅),浦东,临港新城,绿地东岸涟城(南区公寓住宅),48
松江-中山-金地丰盛道,松江,中山,金地丰盛道,48
浦东-川沙-妙虹新苑,浦东,川沙,妙虹新苑,47
青浦-青浦新城-怡田小区,青浦,青浦新城,怡田小区,47
静安-大宁-大宁金茂府(一期),静安,大宁,大宁金茂府(一期),47
闵行-古美罗阳-欧风花都,闵行,古美罗阳,欧风花都,47
闵行-华漕-虹桥1号,闵行,华漕,虹桥1号,47
金山-金山卫-绿地金卫新家园(2208弄),金山,金山卫,绿地金卫新家园(2208弄),47
闵行-华漕-金色西郊城,闵行,华漕,金色西郊城,47
浦东-金桥-金桥新村一街坊,浦东,金桥,金桥新村一街坊,47
虹口-临平路-瑞虹新城悦庭,虹口,临平路,瑞虹新城悦庭,47
浦东-金杨新村-金杨新村四街坊,浦东,金杨新村,金杨新村四街坊,47
普陀-李子园-安居古浪新苑(西区),普陀,李子园,安居古浪新苑(西区),47
闵行-浦江-世博家园四街坊,闵行,浦江,世博家园四街坊,46
浦东-金桥-东陆新村五街坊,浦东,金桥,东陆新村五街坊,46
普陀-长寿路-上海知音苑,普陀,长寿路,上海知音苑,46
浦东-高行-双桥小区,浦东,高行,双桥小区,46
闵行-浦江-世博家园七街坊,闵行,浦江,世博家园七街坊,45
金山-亭林-澜庭,金山,亭林,澜庭,45
浦东-康桥-昱龙家园(南区),浦东,康桥,昱龙家园(南区),45
徐汇-康健-中海馨园,徐汇,康健,中海馨园,45
浦东-王港-金融家,浦东,王港,金融家,45
浦东-张江-汤臣高尔夫(公寓住宅),浦东,张江,汤臣高尔夫(公寓住宅),45
浦东-祝桥-东方鸿璟(公寓住宅),浦东,祝桥,东方鸿璟(公寓住宅),45
浦东-高行-东源名都(西区),浦东,高行,东源名都(西区),44
浦东-金桥-伟业金锦苑三村,浦东,金桥,伟业金锦苑三村,44
闵行-颛桥-金都花好悦园,闵行,颛桥,金都花好悦园,44
闵行-莘庄北广场-星丰苑,闵行,莘庄北广场,星丰苑,44
闵行-老闵行-瑞丽新村,闵行,老闵行,瑞丽新村,44
青浦-徐泾北城-瑞和锦庭(东区),青浦,徐泾北城,瑞和锦庭(东区),43
浦东-三林-海阳新村,浦东,三林,海阳新村,43
徐汇-漕宝路站-漕溪四村,徐汇,漕宝路站,漕溪四村,43
普陀-桃浦-永汇新苑,普陀,桃浦,永汇新苑,43
闵行-莘庄南广场-沁春园三村,闵行,莘庄南广场,沁春园三村,43
金山-金山新城-湖山香颂湾(西区),金山,金山新城,湖山香颂湾(西区),43
松江-松江老城-新理想花园,松江,松江老城,新理想花园,43
虹口-虹口足球场-何家宅小区,虹口,虹口足球场,何家宅小区,42
松江-车墩-雅居乐星徽(公寓住宅),松江,车墩,雅居乐星徽(公寓住宅),42
嘉定-江桥新城-宁兴上尚湾,嘉定,江桥新城,宁兴上尚湾,41
静安-大宁-嘉悦天地(慧芝湖花园三期),静安,大宁,嘉悦天地(慧芝湖花园三期),41
松江-松江老城-松南城玉阳苑,松江,松江老城,松南城玉阳苑,41
浦东-周浦-汇福家园兴盛里(北区),浦东,周浦,汇福家园兴盛里(北区),41
金山-山阳-海皓馨园,金山,山阳,海皓馨园,41
金山-石化-水韵紫城,金山,石化,水韵紫城,40
长宁-中山公园-春天花园,长宁,中山公园,春天花园,40
闵行-七宝-万科优诗美地,闵行,七宝,万科优诗美地,40
嘉定-徐行-绿洲香润苑,嘉定,徐行,绿洲香润苑,40
浦东-临港新城-碧云壹零(公寓住宅),浦东,临港新城,碧云壹零(公寓住宅),40
浦东-金桥-荷五小区,浦东,金桥,荷五小区,40
松江-泗泾-塘和家园久康苑,松江,泗泾,塘和家园久康苑,40
宝山-上海大学-经纬学府涵青家园,宝山,上海大学,经纬学府涵青家园,40
青浦-青浦新城-新青浦佳园,青浦,青浦新城,新青浦佳园,39
闵行-古美罗阳-古美西路316弄小区,闵行,古美罗阳,古美西路316弄小区,39
闵行-七宝-皇都花园(公寓住宅),闵行,七宝,皇都花园(公寓住宅),39
普陀-长征-金沙雅苑滨湖世家,普陀,长征,金沙雅苑滨湖世家,39
浦东-江镇-天环苑,浦东,江镇,天环苑,39
闵行-古美罗阳-万源城朗郡,闵行,古美罗阳,万源城朗郡,38
浦东-北蔡-海上国际花园(一期),浦东,北蔡,海上国际花园(一期),37
松江-洞泾-中海悦府(公寓住宅),松江,洞泾,中海悦府(公寓住宅),37
浦东-北蔡-大华锦绣华城四街区,浦东,北蔡,大华锦绣华城四街区,37
宝山-高境-泰禾红御(公寓住宅),宝山,高境,泰禾红御(公寓住宅),37
闵行-华漕-爱博五村,闵行,华漕,爱博五村,37
闵行-颛桥-君莲闵都雅苑,闵行,颛桥,君莲闵都雅苑,37
闵行-浦江-景江苑A区,闵行,浦江,景江苑A区,37
闵行-古美罗阳-古美一村,闵行,古美罗阳,古美一村,37
闵行-梅陇-华唐苑,闵行,梅陇,华唐苑,37
普陀-长风-梅川二街坊,普陀,长风,梅川二街坊,36
浦东-周浦-天台星城,浦东,周浦,天台星城,36
奉贤-奉城-中海戈雅园,奉贤,奉城,中海戈雅园,36
浦东-康桥-保利首创颂,浦东,康桥,保利首创颂,36
闵行-航华-航华一村二街坊,闵行,航华,航华一村二街坊,35
闵行-七宝-水清年华花园,闵行,七宝,水清年华花园,35
浦东-源深-陆家嘴美丽苑,浦东,源深,陆家嘴美丽苑,35
虹口-四川北路-绿洲紫荆花园,虹口,四川北路,绿洲紫荆花园,35
徐汇-龙华-西雅图嘉萱苑,徐汇,龙华,西雅图嘉萱苑,35
松江-佘山-佘北家园茗雅苑,松江,佘山,佘北家园茗雅苑,34
静安-南京西路-静安豪景苑,静安,南京西路,静安豪景苑,34
青浦-白鹤-绿地时代嘉苑,青浦,白鹤,绿地时代嘉苑,34
普陀-光新-泰欣嘉园,普陀,光新,泰欣嘉园,34
宝山-淞宝-永清新村,宝山,淞宝,永清新村,34
闵行-春申-景华新苑,闵行,春申,景华新苑,34
奉贤-奉城-康碧苑,奉贤,奉城,康碧苑,34
长宁-中山公园-圣约翰名邸,长宁,中山公园,圣约翰名邸,34
奉贤-海湾-海湾艺墅(别墅),奉贤,海湾,海湾艺墅(别墅),34
闵行-春申-虹景苑,闵行,春申,虹景苑,33
闵行-春申-两湾新苑,闵行,春申,两湾新苑,33
浦东-航头-鹤沙航城汇诚佳苑,浦东,航头,鹤沙航城汇诚佳苑,33
浦东-金桥-金桥新村浦三小区,浦东,金桥,金桥新村浦三小区,33
闵行-龙柏金汇-陶然居,闵行,龙柏金汇,陶然居,33
宝山-淞宝-宝山二村,宝山,淞宝,宝山二村,33
普陀-长征-香樟苑(普陀),普陀,长征,香樟苑(普陀),33
青浦-徐泾-御品园林,青浦,徐泾,御品园林,33
徐汇-斜土路-徐汇新湖云庭,徐汇,斜土路,徐汇新湖云庭,33
浦东-宣桥-海玥瑄邸(公寓住宅),浦东,宣桥,海玥瑄邸(公寓住宅),33
闵行-浦江-浦润苑,闵行,浦江,浦润苑,33
闵行-龙柏金汇-龙柏四村,闵行,龙柏金汇,龙柏四村,33
松江-松江新城-东鼎名人府邸,松江,松江新城,东鼎名人府邸,32
松江-泗泾-水仙雅苑,松江,泗泾,水仙雅苑,32
徐汇-徐汇滨江-百汇园一期,徐汇,徐汇滨江,百汇园一期,32
浦东-源深-陆家嘴国际华城,浦东,源深,陆家嘴国际华城,32
嘉定-南翔-华润中央公园(一期南区公寓住宅),嘉定,南翔,华润中央公园(一期南区公寓住宅),31
嘉定-南翔-华润中央公园(二期),嘉定,南翔,华润中央公园(二期),31
徐汇-龙华-凯翔小区,徐汇,龙华,凯翔小区,31
浦东-高行-高行家园(东区),浦东,高行,高行家园(东区),31
宝山-大场-乾溪一村,宝山,大场,乾溪一村,31
闵行-浦江-世博家园二街坊,闵行,浦江,世博家园二街坊,31
长宁-古北-金色贝拉维,长宁,古北,金色贝拉维,31
杨浦-中原-民星二村,杨浦,中原,民星二村,31
浦东-金杨新村-黄山一村,浦东,金杨新村,黄山一村,31
浦东-金杨新村-金杨新村六街坊,浦东,金杨新村,金杨新村六街坊,31
浦东-航头-金地艺华年(公寓住宅),浦东,航头,金地艺华年(公寓住宅),31
徐汇-上海植物园-宝能公馆1288,徐汇,上海植物园,宝能公馆1288,31
浦东-塘桥-宁阳小区,浦东,塘桥,宁阳小区,30
浦东-塘桥-塘东小区,浦东,塘桥,塘东小区,30
松江-莘闵-绿洲长岛花园,松江,莘闵,绿洲长岛花园,30
浦东-临港新城-海上风华,浦东,临港新城,海上风华,30
奉贤-海湾-阳光海岸(别墅),奉贤,海湾,阳光海岸(别墅),30
浦东-塘桥-文兰小区,浦东,塘桥,文兰小区,30
宝山-罗南-美罗家园罗安苑,宝山,罗南,美罗家园罗安苑,30
闵行-浦江-浦江华侨城(二期公寓住宅),闵行,浦江,浦江华侨城(二期公寓住宅),30
宝山-大华-北华苑,宝山,大华,北华苑,30
松江-九亭-馨亭家苑(公寓住宅),松江,九亭,馨亭家苑(公寓住宅),29
普陀-万里城-凯旋华庭,普陀,万里城,凯旋华庭,29
闵行-金虹桥-虹桥高尔夫别墅,闵行,金虹桥,虹桥高尔夫别墅,29
徐汇-康健-梓树园,徐汇,康健,梓树园,29
虹口-凉城-复旦小区(原复旦凉城宿舍区),虹口,凉城,复旦小区(原复旦凉城宿舍区),29
闵行-颛桥-今天花园,闵行,颛桥,今天花园,29
浦东-惠南-民乐城秀园西苑,浦东,惠南,民乐城秀园西苑,29
宝山-大华-宝山文华苑(一期),宝山,大华,宝山文华苑(一期),29
闵行-吴泾-虹梅新苑(北区),闵行,吴泾,虹梅新苑(北区),29
闵行-古美罗阳-平南一村,闵行,古美罗阳,平南一村,29
宝山-罗店-顺驰美兰湖(公寓住宅),宝山,罗店,顺驰美兰湖(公寓住宅),29
奉贤-南桥-金水和璟园(南区),奉贤,南桥,金水和璟园(南区),28
金山-亭林-依云湖,金山,亭林,依云湖,28
长宁-中山公园-大家源新城,长宁,中山公园,大家源新城,28
浦东-高行-汇郡海棠苑,浦东,高行,汇郡海棠苑,28
金山-石化-蓝色收获(西区),金山,石化,蓝色收获(西区),28
长宁-西郊公园-虹桥中园,长宁,西郊公园,虹桥中园,28
闵行-诸翟-紫薇新村,闵行,诸翟,紫薇新村,28
青浦-青浦新城-青筑雅苑(公寓住宅),青浦,青浦新城,青筑雅苑(公寓住宅),28
浦东-合庆-前哨路288弄小区,浦东,合庆,前哨路288弄小区,28
浦东-北蔡-南新四村,浦东,北蔡,南新四村,28
浦东-周浦-圣鑫苑(902弄),浦东,周浦,圣鑫苑(902弄),28
闵行-龙柏金汇-金虹桥井亭苑,闵行,龙柏金汇,金虹桥井亭苑,28
浦东-新场-汇锦城(三期),浦东,新场,汇锦城(三期),28
嘉定-菊园新区-桃园新村(嘉定),嘉定,菊园新区,桃园新村(嘉定),28
浦东-金桥-永业小区(南区),浦东,金桥,永业小区(南区),28
宝山-罗店-罗新苑(东区),宝山,罗店,罗新苑(东区),27
浦东-高行-汇郡米兰苑,浦东,高行,汇郡米兰苑,27
浦东-临港新城-朗诗里程,浦东,临港新城,朗诗里程,27
青浦-徐泾北城-徐泾北城馨浦苑(北区),青浦,徐泾北城,徐泾北城馨浦苑(北区),27
闵行-航华-天一小区,闵行,航华,天一小区,27
浦东-世博-成山小区,浦东,世博,成山小区,27
松江-佘山-佘北家园紫鹃苑,松江,佘山,佘北家园紫鹃苑,27
闵行-颛桥-保利光合上城/跃城,闵行,颛桥,保利光合上城/跃城,26
浦东-金桥-证大家园(五期),浦东,金桥,证大家园(五期),26
浦东-金桥-禹洲蓝爵,浦东,金桥,禹洲蓝爵,26
宝山-淞宝-宝城二村,宝山,淞宝,宝城二村,26
徐汇-康健-徐汇长青坊,徐汇,康健,徐汇长青坊,26
黄浦-五里桥-丽园新村,黄浦,五里桥,丽园新村,26
嘉定-南翔-永翔佳苑(西区),嘉定,南翔,永翔佳苑(西区),26
嘉定-嘉定新城-盘古天地(东区),嘉定,嘉定新城,盘古天地(东区),26
浦东-陆家嘴-财富海景花园,浦东,陆家嘴,财富海景花园,26
浦东-北蔡-宝华海尚郡领(公寓住宅),浦东,北蔡,宝华海尚郡领(公寓住宅),26
浦东-张江-兰沁苑,浦东,张江,兰沁苑,26
青浦-徐泾北城-徐泾北城欣沁苑,青浦,徐泾北城,徐泾北城欣沁苑,26
松江-松江新城-恒杰丁香花园(公寓住宅),松江,松江新城,恒杰丁香花园(公寓住宅),26
嘉定-安亭-V6时代,嘉定,安亭,V6时代,25
嘉定-安亭-旭辉公元,嘉定,安亭,旭辉公元,25
金山-石化-石化十二村,金山,石化,石化十二村,25
奉贤-奉城-平安富邸,奉贤,奉城,平安富邸,25
宝山-罗店-中建阅澜山,宝山,罗店,中建阅澜山,25
浦东-塘桥-港驳小区,浦东,塘桥,港驳小区,25
普陀-长征-金沙雅苑舒诗康庭,普陀,长征,金沙雅苑舒诗康庭,25
松江-松江新城-月亮河桂园(公寓住宅),松江,松江新城,月亮河桂园(公寓住宅),25
普陀-桃浦-桃浦六村绿春苑,普陀,桃浦,桃浦六村绿春苑,24
浦东-前滩-前滩东方逸品,浦东,前滩,前滩东方逸品,24
普陀-环球港-中海汇德里,普陀,环球港,中海汇德里,24
浦东-新场-万科清林径(公寓住宅),浦东,新场,万科清林径(公寓住宅),24
浦东-潍坊新村-潍坊五村,浦东,潍坊新村,潍坊五村,24
长宁-北新泾-新泾四村,长宁,北新泾,新泾四村,24
闵行-莘庄南广场-高兴花园五街坊,闵行,莘庄南广场,高兴花园五街坊,24
宝山-共富新村-共富四村,宝山,共富新村,共富四村,24
宝山-杨行-东方丽都,宝山,杨行,东方丽都,24
宝山-淞宝-宝钢二村,宝山,淞宝,宝钢二村,24
闵行-莘庄南广场-奥塞花园,闵行,莘庄南广场,奥塞花园,24
闵行-浦江-永康城丹桂苑,闵行,浦江,永康城丹桂苑,24
徐汇-华泾-名人花苑(东区),徐汇,华泾,名人花苑(东区),24
徐汇-万体馆-创世纪花园,徐汇,万体馆,创世纪花园,24
闵行-古美罗阳-万源城逸郡,闵行,古美罗阳,万源城逸郡,24
闵行-莘庄南广场-邻里苑,闵行,莘庄南广场,邻里苑,23
嘉定-马陆-保利湖畔阳光苑(西区),嘉定,马陆,保利湖畔阳光苑(西区),23
浦东-航头-沉香苑二街坊,浦东,航头,沉香苑二街坊,23
宝山-杨行-万业紫辰苑(C区),宝山,杨行,万业紫辰苑(C区),23
浦东-南码头-临沂五村,浦东,南码头,临沂五村,23
松江-佘山-佘北家园富雅苑,松江,佘山,佘北家园富雅苑,23
黄浦-董家渡-明日星城(一期),黄浦,董家渡,明日星城(一期),23
静安-西藏北路-复元坊,静安,西藏北路,复元坊,23
浦东-张江-川杨新苑(四期),浦东,张江,川杨新苑(四期),23
闵行-老闵行-红旗三村,闵行,老闵行,红旗三村,23
闵行-莘庄南广场-名都新城(四期),闵行,莘庄南广场,名都新城(四期),23
徐汇-康健-寿益坊,徐汇,康健,寿益坊,23
黄浦-黄浦周边-绿地海珀外滩,黄浦,黄浦周边,绿地海珀外滩,23
普陀-真光-真光新村第八小区,普陀,真光,真光新村第八小区,23
闵行-吴泾-通海一小区,闵行,吴泾,通海一小区,22
闵行-浦江-瑞和华苑(二期),闵行,浦江,瑞和华苑(二期),22
闵行-浦江-永康城玉兰苑,闵行,浦江,永康城玉兰苑,22
金山-朱泾-东方郁金香庭,金山,朱泾,东方郁金香庭,22
奉贤-南桥-上院(南区),奉贤,南桥,上院(南区),22
松江-松江新城-名庭花苑,松江,松江新城,名庭花苑,22
静安-大宁-金纺小区,静安,大宁,金纺小区,22
徐汇-徐汇滨江-东安五村,徐汇,徐汇滨江,东安五村,22
宝山-大华-康泰东苑,宝山,大华,康泰东苑,22
徐汇-长桥-松风花园,徐汇,长桥,松风花园,22
松江-莘闵-雅阁花园,松江,莘闵,雅阁花园,22
闵行-静安新城-静安公寓,闵行,静安新城,静安公寓,22
浦东-惠南-莱茵美墅(别墅),浦东,惠南,莱茵美墅(别墅),22
宝山-杨行-四季都会(公寓住宅),宝山,杨行,四季都会(公寓住宅),22
浦东-航头-鹤沙航城航武嘉园(东区),浦东,航头,鹤沙航城航武嘉园(东区),22
奉贤-海湾-绿地香溢(别墅),奉贤,海湾,绿地香溢(别墅),22
宝山-淞宝-宝山七村,宝山,淞宝,宝山七村,21
黄浦-蓬莱公园-瞿溪新村,黄浦,蓬莱公园,瞿溪新村,21
嘉定-嘉定新城-上实海上公元,嘉定,嘉定新城,上实海上公元,21
长宁-中山公园-路易凯旋宫,长宁,中山公园,路易凯旋宫,21
嘉定-南翔-祥源福邸,嘉定,南翔,祥源福邸,21
杨浦-江浦路-宝钢又一村,杨浦,江浦路,宝钢又一村,21
奉贤-柘林-海畔家园,奉贤,柘林,海畔家园,21
静安-西藏北路-中心铂庭,静安,西藏北路,中心铂庭,21
普陀-武宁-绿地海珀玉晖,普陀,武宁,绿地海珀玉晖,21
奉贤-南桥-卓越世纪中心(东区商住楼),奉贤,南桥,卓越世纪中心(东区商住楼),21
浦东-三林-环球翡翠湾花园(公寓住宅),浦东,三林,环球翡翠湾花园(公寓住宅),21
松江-松江新城-爱丁堡润峰苑(公寓住宅),松江,松江新城,爱丁堡润峰苑(公寓住宅),21
松江-松江新城-祥和花苑(公寓住宅),松江,松江新城,祥和花苑(公寓住宅),21
松江-松江新城-开元新都,松江,松江新城,开元新都,21
松江-松江新城-佘山玺樾,松江,松江新城,佘山玺樾,21
杨浦-东外滩-金鹏花园(西区),杨浦,东外滩,金鹏花园(西区),21
徐汇-斜土路-青松小区,徐汇,斜土路,青松小区,21
闵行-莘庄南广场-东苑利景花苑,闵行,莘庄南广场,东苑利景花苑,21
浦东-高东-品欣雅苑,浦东,高东,品欣雅苑,21
徐汇-康健-海上名门公寓,徐汇,康健,海上名门公寓,20
青浦-金泽-金溪三村,青浦,金泽,金溪三村,20
嘉定-江桥新城-申江花苑,嘉定,江桥新城,申江花苑,20
长宁-中山公园-华秀小区,长宁,中山公园,华秀小区,20
静安-芷江西路-五月花都荟豪庭,静安,芷江西路,五月花都荟豪庭,20
宝山-高境-馨良苑,宝山,高境,馨良苑,20
长宁-天山-元丰天山花园,长宁,天山,元丰天山花园,20
嘉定-嘉定城区-民乐社区南苑六村,嘉定,嘉定城区,民乐社区南苑六村,20
长宁-北新泾-碧夏小区,长宁,北新泾,碧夏小区,20
虹口-和平公园-瑞虹新城瑧庭,虹口,和平公园,瑞虹新城瑧庭,20
嘉定-嘉定新城-绿地秋霞坊(公寓住宅),嘉定,嘉定新城,绿地秋霞坊(公寓住宅),20
徐汇-田林-田林七村,徐汇,田林,田林七村,20
青浦-青浦新城-新城忆华里(一期),青浦,青浦新城,新城忆华里(一期),19
普陀-李子园-祥和星宇花园(一期公寓住宅),普陀,李子园,祥和星宇花园(一期公寓住宅),19
徐汇-龙华-狮城花苑,徐汇,龙华,狮城花苑,19
闵行-颛桥-湖山在望花园,闵行,颛桥,湖山在望花园,19
静安-江宁路-天鼎花园,静安,江宁路,天鼎花园,19
普陀-武宁-燕宁苑,普陀,武宁,燕宁苑,19
闵行-金虹桥-海申花园,闵行,金虹桥,海申花园,19
浦东-唐镇-幸福里,浦东,唐镇,幸福里,19
静安-彭浦-幸福第二公寓,静安,彭浦,幸福第二公寓,19
闵行-七宝-惠明苑,闵行,七宝,惠明苑,19
金山-朱泾-新汇景园,金山,朱泾,新汇景园,19
金山-金山新城-复地星愉湾,金山,金山新城,复地星愉湾,19
宝山-罗店-美罗家园雅苑,宝山,罗店,美罗家园雅苑,19
闵行-浦江-浦江坤庭翠御(公寓住宅),闵行,浦江,浦江坤庭翠御(公寓住宅),19
嘉定-南翔-云翔佳苑(西区),嘉定,南翔,云翔佳苑(西区),19
闵行-古美罗阳-新梅公寓(二期),闵行,古美罗阳,新梅公寓(二期),19
闵行-七宝-秀枫翠谷,闵行,七宝,秀枫翠谷,19
浦东-潍坊新村-繁荣昌盛小区,浦东,潍坊新村,繁荣昌盛小区,19
浦东-三林-凌兆十五村,浦东,三林,凌兆十五村,19
浦东-金桥-碧云新天地家园(二期),浦东,金桥,碧云新天地家园(二期),19
闵行-浦江-浦江丽都(北区),闵行,浦江,浦江丽都(北区),18
黄浦-蓬莱公园-黄浦华庭,黄浦,蓬莱公园,黄浦华庭,18
奉贤-南桥-铭邦华府,奉贤,南桥,铭邦华府,18
浦东-世博-上钢八村,浦东,世博,上钢八村,18
浦东-塘桥-仁恒广场,浦东,塘桥,仁恒广场,18
浦东-张江-川杨新苑(二期),浦东,张江,川杨新苑(二期),18
浦东-御桥-地杰国际城F欧香四季,浦东,御桥,地杰国际城F欧香四季,18
浦东-洋泾-绿地泾南公寓,浦东,洋泾,绿地泾南公寓,18
浦东-金桥-阳光欧洲城蔷薇绅邻,浦东,金桥,阳光欧洲城蔷薇绅邻,18
闵行-莘庄北广场-阳明国际花苑(四期),闵行,莘庄北广场,阳明国际花苑(四期),18
浦东-航头-鹤沙航城庭祥苑,浦东,航头,鹤沙航城庭祥苑,18
浦东-花木-星河湾,浦东,花木,星河湾,18
静安-西藏北路-和源大楼,静安,西藏北路,和源大楼,18
宝山-淞南-华浜二村,宝山,淞南,华浜二村,18
金山-枫泾-白牛新村,金山,枫泾,白牛新村,18
金山-金山新城-山鑫康城,金山,金山新城,山鑫康城,18
徐汇-徐家汇-亚都国际名园,徐汇,徐家汇,亚都国际名园,18
徐汇-康健-康强坊,徐汇,康健,康强坊,18
闵行-浦江-谈家港花苑一村,闵行,浦江,谈家港花苑一村,18
奉贤-海湾-碧桂园凤鸣海尚(公寓住宅),奉贤,海湾,碧桂园凤鸣海尚(公寓住宅),18
嘉定-安亭-尚都国际,嘉定,安亭,尚都国际,18
松江-佘山-佘北家园瑞兰苑,松江,佘山,佘北家园瑞兰苑,18
浦东-杨东-东城新村,浦东,杨东,东城新村,18
浦东-张江-万科翡翠公园(三期),浦东,张江,万科翡翠公园(三期),18
普陀-曹杨-沙田新苑,普陀,曹杨,沙田新苑,18
青浦-重固-金城上品(公寓住宅),青浦,重固,金城上品(公寓住宅),18
松江-九亭-天宝恬苑,松江,九亭,天宝恬苑,18
浦东-三林-中房樱桃苑,浦东,三林,中房樱桃苑,18
闵行-静安新城-静安新城十一区,闵行,静安新城,静安新城十一区,18
普陀-长征-安居朝阳园,普陀,长征,安居朝阳园,17
静安-大宁-明园森林都市叠翠苑,静安,大宁,明园森林都市叠翠苑,17
松江-松江老城-茸联苑,松江,松江老城,茸联苑,17
浦东-三林-盛世天地,浦东,三林,盛世天地,17
浦东-世博-恒大星级公寓(一期),浦东,世博,恒大星级公寓(一期),17
浦东-三林-岭南苑,浦东,三林,岭南苑,17
普陀-光新-融创香溢天地,普陀,光新,融创香溢天地,17
宝山-通河新村-富浩花园,宝山,通河新村,富浩花园,17
闵行-梅陇-春馨苑,闵行,梅陇,春馨苑,17
闵行-古美罗阳-阳光美景城(二期),闵行,古美罗阳,阳光美景城(二期),17
宝山-通河新村-昌鑫时代绿园,宝山,通河新村,昌鑫时代绿园,17
宝山-高境-杰圣家苑,宝山,高境,杰圣家苑,17
虹口-北外滩-外滩99,虹口,北外滩,外滩99,17
金山-金山新城-万达城市名邸(西区),金山,金山新城,万达城市名邸(西区),17
金山-金山卫-卫康花苑,金山,金山卫,卫康花苑,17
普陀-长寿路-水岸茗苑,普陀,长寿路,水岸茗苑,17
青浦-徐泾-新虹桥君悦湾墅,青浦,徐泾,新虹桥君悦湾墅,17
松江-松江老城-白洋苑,松江,松江老城,白洋苑,17
闵行-莘庄北广场-莘松八村,闵行,莘庄北广场,莘松八村,17
浦东-航头-东升家园(东区),浦东,航头,东升家园(东区),17
闵行-莘庄南广场-紫欣公寓,闵行,莘庄南广场,紫欣公寓,17
徐汇-长桥-家乐苑,徐汇,长桥,家乐苑,17
浦东-川沙-新德佳苑,浦东,川沙,新德佳苑,17
徐汇-徐家汇-江南二村,徐汇,徐家汇,江南二村,17
浦东-碧云-云间绿大地(别墅),浦东,碧云,云间绿大地(别墅),17
浦东-陆家嘴-江临天下,浦东,陆家嘴,江临天下,16
金山-枫泾-康发新苑,金山,枫泾,康发新苑,16
虹口-大柏树-巴林小区,虹口,大柏树,巴林小区,16
徐汇-华东理工-梅陇六村,徐汇,华东理工,梅陇六村,16
闵行-七宝-佳宝一村,闵行,七宝,佳宝一村,16
闵行-老闵行-海赋尚品,闵行,老闵行,海赋尚品,16
金山-张堰-紫迪兰庭(南区),金山,张堰,紫迪兰庭(南区),16
杨浦-控江路-内江二村,杨浦,控江路,内江二村,16
嘉定-丰庄-利金国际,嘉定,丰庄,利金国际,16
奉贤-南桥-育秀八区,奉贤,南桥,育秀八区,16
奉贤-南桥-苏宁荣悦,奉贤,南桥,苏宁荣悦,16
闵行-浦江-汇秀景苑二街坊,闵行,浦江,汇秀景苑二街坊,16
杨浦-控江路-延吉东路131弄小区,杨浦,控江路,延吉东路131弄小区,16
闵行-梅陇-莲花河畔景苑,闵行,梅陇,莲花河畔景苑,16
闵行-老闵行-东川苑,闵行,老闵行,东川苑,16
青浦-徐泾北城-招商虹桥公馆(二期北区),青浦,徐泾北城,招商虹桥公馆(二期北区),16
嘉定-江桥新城-爱德佳苑五街坊,嘉定,江桥新城,爱德佳苑五街坊,16
徐汇-长桥-汇成南街里,徐汇,长桥,汇成南街里,16
徐汇-徐家汇-长春小区,徐汇,徐家汇,长春小区,16
浦东-洋泾-名门河滨花园,浦东,洋泾,名门河滨花园,16
浦东-金桥-寺前浜小区,浦东,金桥,寺前浜小区,16
浦东-金桥-六荷苑小区,浦东,金桥,六荷苑小区,16
浦东-芦潮港-紫菁庭,浦东,芦潮港,紫菁庭,16
徐汇-康健-寿昌坊,徐汇,康健,寿昌坊,16
嘉定-江桥新城-嘉海雅苑(东区),嘉定,江桥新城,嘉海雅苑(东区),16
闵行-金虹桥-翡翠名都,闵行,金虹桥,翡翠名都,16
浦东-三林-纯翠苑,浦东,三林,纯翠苑,16
普陀-光新-管弄三街坊,普陀,光新,管弄三街坊,16
静安-大宁-粤秀小区,静安,大宁,粤秀小区,16
松江-松江大学城-中山茸惠苑,松江,松江大学城,中山茸惠苑,16
青浦-徐泾-徐泾河畔家苑,青浦,徐泾,徐泾河畔家苑,16
青浦-青浦新城-新城盛景C区,青浦,青浦新城,新城盛景C区,15
浦东-世博滨江-齐四小区,浦东,世博滨江,齐四小区,15
青浦-徐泾-圣地维拉,青浦,徐泾,圣地维拉,15
奉贤-南桥-阳光星期8,奉贤,南桥,阳光星期8,15
浦东-川沙-园西一居,浦东,川沙,园西一居,15
嘉定-菊园新区-宝菊清水园,嘉定,菊园新区,宝菊清水园,15
浦东-金杨新村-广洋苑,浦东,金杨新村,广洋苑,15
长宁-中山公园-长新小区(长宁),长宁,中山公园,长新小区(长宁),15
松江-松江老城-龙潭苑南区,松江,松江老城,龙潭苑南区,15
宝山-杨行-宝启公寓,宝山,杨行,宝启公寓,15
宝山-杨行-丽景翠庭,宝山,杨行,丽景翠庭,15
浦东-陆家嘴-陆家嘴壹号院,浦东,陆家嘴,陆家嘴壹号院,15
普陀-长寿路-长寿新村(普陀),普陀,长寿路,长寿新村(普陀),15
静安-新客站-中海万锦城三期,静安,新客站,中海万锦城三期,15
普陀-长风-旭辉世纪广场,普陀,长风,旭辉世纪广场,15
嘉定-嘉定城区-沧海绿苑,嘉定,嘉定城区,沧海绿苑,15
浦东-惠南-博佳花园,浦东,惠南,博佳花园,15
松江-中山-华发海上都荟,松江,中山,华发海上都荟,15
闵行-颛桥-剑桥馨苑,闵行,颛桥,剑桥馨苑,15
宝山-上海大学-保利·海上瑧悦,宝山,上海大学,保利·海上瑧悦,14
松江-泗泾-同济晶萃(公寓住宅),松江,泗泾,同济晶萃(公寓住宅),14
浦东-洋泾-名门世家(浦东),浦东,洋泾,名门世家(浦东),14
闵行-莘庄南广场-水清苑,闵行,莘庄南广场,水清苑,14
浦东-王港-金盛佳苑,浦东,王港,金盛佳苑,14
浦东-金杨新村-香山新村西北街坊,浦东,金杨新村,香山新村西北街坊,14
浦东-金桥-金色米兰苑,浦东,金桥,金色米兰苑,14
普陀-真光-海普苑,普陀,真光,海普苑,14
浦东-周浦-桃园新城中虹佳园(北区),浦东,周浦,桃园新城中虹佳园(北区),14
浦东-南码头-港机新村,浦东,南码头,港机新村,14
杨浦-平凉路-翡丽甲第,杨浦,平凉路,翡丽甲第,14
长宁-天山-天原二村,长宁,天山,天原二村,14
黄浦-西藏南路-中南小区(黄浦),黄浦,西藏南路,中南小区(黄浦),14
宝山-顾村-馨佳园二街坊,宝山,顾村,馨佳园二街坊,14
黄浦-蓬莱公园-海洲国际华园,黄浦,蓬莱公园,海洲国际华园,14
嘉定-江桥新城-嘉定金华新村,嘉定,江桥新城,嘉定金华新村,14
宝山-罗店-大华兰湖天境(别墅),宝山,罗店,大华兰湖天境(别墅),14
奉贤-青村-北唐新苑(西区),奉贤,青村,北唐新苑(西区),14
浦东-联洋-金桂家园,浦东,联洋,金桂家园,14
浦东-川沙-思凡花苑二街坊,浦东,川沙,思凡花苑二街坊,14
浦东-外高桥-学前二村,浦东,外高桥,学前二村,14
浦东-川沙-城西小区,浦东,川沙,城西小区,14
奉贤-南桥-中粮南桥半岛(西区),奉贤,南桥,中粮南桥半岛(西区),14
宝山-大场-乾溪二村,宝山,大场,乾溪二村,14
徐汇-斜土路-金星苑,徐汇,斜土路,金星苑,14
浦东-张江-蕉丽新村,浦东,张江,蕉丽新村,14
闵行-春申-春申城四季苑,闵行,春申,春申城四季苑,14
浦东-张江-万科翡翠公园(一期),浦东,张江,万科翡翠公园(一期),14
长宁-中山公园-宁康小区(长宁),长宁,中山公园,宁康小区(长宁),14
虹口-江湾-四季沙龙,虹口,江湾,四季沙龙,13
青浦-朱家角-颐湾丽庭,青浦,朱家角,颐湾丽庭,13
奉贤-南桥-古华一区,奉贤,南桥,古华一区,13
浦东-周浦-中金海棠湾(一期公寓),浦东,周浦,中金海棠湾(一期公寓),13
浦东-南码头-临沂一村,浦东,南码头,临沂一村,13
黄浦-蓬莱公园-瞿二小区,黄浦,蓬莱公园,瞿二小区,13
长宁-虹桥路-紫勋雅苑,长宁,虹桥路,紫勋雅苑,13
浦东-金杨新村-栖山家园,浦东,金杨新村,栖山家园,13
徐汇-徐家汇-徐汇泰东新村(1-15号),徐汇,徐家汇,徐汇泰东新村(1-15号),13
浦东-金桥-伟业金锦苑一村,浦东,金桥,伟业金锦苑一村,13
浦东-北蔡-大华锦绣华城二街区,浦东,北蔡,大华锦绣华城二街区,13
杨浦-控江路-凤城四村小区,杨浦,控江路,凤城四村小区,13
浦东-泥城-清风丽苑,浦东,泥城,清风丽苑,13
闵行-龙柏金汇-明泉璞院(别墅),闵行,龙柏金汇,明泉璞院(别墅),13
嘉定-嘉定城区-福莱馨苑练祁佳城,嘉定,嘉定城区,福莱馨苑练祁佳城,13
嘉定-嘉定城区-新成五坊,嘉定,嘉定城区,新成五坊,13
松江-松江新城-华亭新苑(公寓住宅),松江,松江新城,华亭新苑(公寓住宅),13
闵行-老闵行-南洋博仕欣居,闵行,老闵行,南洋博仕欣居,13
宝山-大华-宝山文华苑(二期),宝山,大华,宝山文华苑(二期),13
奉贤-南桥-卓越商务中心(公寓住宅),奉贤,南桥,卓越商务中心(公寓住宅),13
宝山-罗泾-罗宁雅苑,宝山,罗泾,罗宁雅苑,13
闵行-浦江-景江苑B区,闵行,浦江,景江苑B区,13
浦东-外高桥-凌桥二村,浦东,外高桥,凌桥二村,13
黄浦-五里桥-上海大众汽车公寓,黄浦,五里桥,上海大众汽车公寓,13
浦东-周浦-颐谷南苑,浦东,周浦,颐谷南苑,13
浦东-唐镇-棕榈泉花园,浦东,唐镇,棕榈泉花园,13
闵行-春申-莲花新村,闵行,春申,莲花新村,13
浦东-周浦-东南三村,浦东,周浦,东南三村,13
普陀-甘泉宜川-西部大楼,普陀,甘泉宜川,西部大楼,13
嘉定-嘉定城区-嘉星小区,嘉定,嘉定城区,嘉星小区,13
浦东-三林-凌兆五村(586弄),浦东,三林,凌兆五村(586弄),13
嘉定-马陆-佳兆业1号,嘉定,马陆,佳兆业1号,13
徐汇-龙华-诸家宅小区,徐汇,龙华,诸家宅小区,13
浦东-川沙-青厦小区,浦东,川沙,青厦小区,13
虹口-凉城-广中三村,虹口,凉城,广中三村,13
闵行-七宝-欣源公寓,闵行,七宝,欣源公寓,13
嘉定-江桥新城-江桥三村七街坊,嘉定,江桥新城,江桥三村七街坊,13
宝山-大华-锦华苑,宝山,大华,锦华苑,12
虹口-曲阳-祥东小区(虹口),虹口,曲阳,祥东小区(虹口),12
虹口-四平路-邮电新村(虹口),虹口,四平路,邮电新村(虹口),12
徐汇-上海南站-正南花苑,徐汇,上海南站,正南花苑,12
金山-山阳-金山万航苑,金山,山阳,金山万航苑,12
宝山-共富新村-富华苑,宝山,共富新村,富华苑,12
杨浦-杨浦周边-海杨公寓,杨浦,杨浦周边,海杨公寓,12
青浦-朱家角-万达茂(商住楼),青浦,朱家角,万达茂(商住楼),12
青浦-朱家角-海上湾闻涧(公寓住宅),青浦,朱家角,海上湾闻涧(公寓住宅),12
浦东-书院-丽泽菊清苑,浦东,书院,丽泽菊清苑,12
普陀-普陀周边-交通路1401弄小区,普陀,普陀周边,交通路1401弄小区,12
奉贤-南桥-解放新村,奉贤,南桥,解放新村,12
奉贤-南桥-合景万景峰(公寓住宅),奉贤,南桥,合景万景峰(公寓住宅),12
青浦-朱家角-中信泰富朱家角新城翠苑(西区公寓住宅),青浦,朱家角,中信泰富朱家角新城翠苑(西区公寓住宅),12
宝山-大华-大华一村(华灵路591弄),宝山,大华,大华一村(华灵路591弄),12
嘉定-徐行-水岸佳苑,嘉定,徐行,水岸佳苑,12
闵行-浦江-馨和雅苑,闵行,浦江,馨和雅苑,12
松江-松江大学城-华发象屿光星华府,松江,松江大学城,华发象屿光星华府,12
普陀-真光-清涧三街坊,普陀,真光,清涧三街坊,12
嘉定-嘉定城区-远香舫新苑,嘉定,嘉定城区,远香舫新苑,12
徐汇-万体馆-凯旋花苑,徐汇,万体馆,凯旋花苑,12
浦东-惠南-兴东佳苑(一期),浦东,惠南,兴东佳苑(一期),12
虹口-凉城-柳林公寓,虹口,凉城,柳林公寓,12
浦东-高行-东方城市华庭,浦东,高行,东方城市华庭,12
徐汇-徐家汇-尚光徐汇中心,徐汇,徐家汇,尚光徐汇中心,12
徐汇-徐家汇-汇银广场,徐汇,徐家汇,汇银广场,12
静安-延长路-延平小区,静安,延长路,延平小区,12
静安-彭浦-临汾花园,静安,彭浦,临汾花园,12
长宁-西郊公园-田园别墅(别墅),长宁,西郊公园,田园别墅(别墅),12
闵行-七宝-莱茵风尚,闵行,七宝,莱茵风尚,12
嘉定-南翔-卢尔公寓,嘉定,南翔,卢尔公寓,11
宝山-淞宝-宝钢五村后河沿,宝山,淞宝,宝钢五村后河沿,11
黄浦-豫园-复地雅园,黄浦,豫园,复地雅园,11
浦东-三林-恒大华城上河苑,浦东,三林,恒大华城上河苑,11
杨浦-中原-开鲁三村,杨浦,中原,开鲁三村,11
宝山-淞南-淞南九村,宝山,淞南,淞南九村,11
嘉定-马陆-清水湾,嘉定,马陆,清水湾,11
浦东-三林-品翠苑,浦东,三林,品翠苑,11
松江-莘闵-同润别庄加州(别墅),松江,莘闵,同润别庄加州(别墅),11
嘉定-徐行-金隅金成府,嘉定,徐行,金隅金成府,11
浦东-金桥-金石苑(金桥新城一期),浦东,金桥,金石苑(金桥新城一期),11
静安-彭浦-平顺小区,静安,彭浦,平顺小区,11
松江-松江老城-玉树公寓,松江,松江老城,玉树公寓,11
宝山-杨行-世华佳苑(公寓住宅),宝山,杨行,世华佳苑(公寓住宅),11
普陀-真光-上海家园,普陀,真光,上海家园,11
青浦-青浦新城-新城盛世,青浦,青浦新城,新城盛世,11
浦东-周浦-富康苑,浦东,周浦,富康苑,11
普陀-武宁-武宁一村,普陀,武宁,武宁一村,11
青浦-徐泾-虹桥御墅,青浦,徐泾,虹桥御墅,11
嘉定-南翔-通用国际(商住楼),嘉定,南翔,通用国际(商住楼),11
浦东-塘桥-南泉小区,浦东,塘桥,南泉小区,11
浦东-周浦-慧晶国际公寓,浦东,周浦,慧晶国际公寓,11
静安-曹家渡-静安城,静安,曹家渡,静安城,11
静安-西藏北路-中鸿大厦,静安,西藏北路,中鸿大厦,11
静安-曹家渡-欣宏嘉园,静安,曹家渡,欣宏嘉园,11
宝山-淞南-淞南六村,宝山,淞南,淞南六村,11
浦东-惠南-民乐城馨园,浦东,惠南,民乐城馨园,11
浦东-梅园-浦东大道604弄小区,浦东,梅园,浦东大道604弄小区,11
浦东-洋泾-凌三小区,浦东,洋泾,凌三小区,11
徐汇-田林-金丽广场,徐汇,田林,金丽广场,11
浦东-世博-上南大厦,浦东,世博,上南大厦,11
奉贤-奉城-平安新苑,奉贤,奉城,平安新苑,11
青浦-青浦周边-淀滨新村,青浦,青浦周边,淀滨新村,11
静安-江宁路-句容小区,静安,江宁路,句容小区,11
青浦-赵巷-万科晶源(公寓住宅),青浦,赵巷,万科晶源(公寓住宅),10
浦东-北蔡-大华斐勒公园(北艾路1643弄),浦东,北蔡,大华斐勒公园(北艾路1643弄),10
闵行-古美罗阳-平南二村,闵行,古美罗阳,平南二村,10
浦东-北蔡-德锦苑,浦东,北蔡,德锦苑,10
长宁-虹桥路-虹一小区,长宁,虹桥路,虹一小区,10
长宁-中山公园-福安小区,长宁,中山公园,福安小区,10
杨浦-周家嘴路-建设新苑,杨浦,周家嘴路,建设新苑,10
嘉定-嘉定城区-叶城三街坊,嘉定,嘉定城区,叶城三街坊,10
浦东-南码头-明丰佳园,浦东,南码头,明丰佳园,10
浦东-周浦-汇福家园祥和里(西),浦东,周浦,汇福家园祥和里(西),10
浦东-北蔡-绿川小区(东区),浦东,北蔡,绿川小区(东区),10
普陀-长寿路-圣天地服务式公寓,普陀,长寿路,圣天地服务式公寓,10
浦东-御桥-绿洲康城金邸,浦东,御桥,绿洲康城金邸,10
浦东-惠南-东城花苑二村,浦东,惠南,东城花苑二村,10
杨浦-黄兴-浣纱五村,杨浦,黄兴,浣纱五村,10
嘉定-嘉定城区-禹洲老城里,嘉定,嘉定城区,禹洲老城里,10
徐汇-漕河泾-永兆豪庭(东区),徐汇,漕河泾,永兆豪庭(东区),10
宝山-淞南-桃园新村(宝山),宝山,淞南,桃园新村(宝山),10
闵行-老闵行-富仕名邸(东区),闵行,老闵行,富仕名邸(东区),10
浦东-高东-杨园二村,浦东,高东,杨园二村,10
浦东-洋泾-泾西一村,浦东,洋泾,泾西一村,10
徐汇-斜土路-上影新村,徐汇,斜土路,上影新村,10
浦东-惠南-同润蓝美俊庭,浦东,惠南,同润蓝美俊庭,10
浦东-杨东-锦绣一方名苑,浦东,杨东,锦绣一方名苑,10
闵行-莘庄南广场-西环二村,闵行,莘庄南广场,西环二村,10
闵行-梅陇-上海阳城(5支弄),闵行,梅陇,上海阳城(5支弄),10
静安-西藏北路-三宝花苑,静安,西藏北路,三宝花苑,10
金山-亭林-现代华亭,金山,亭林,现代华亭,10
闵行-浦江-新城千禧公园,闵行,浦江,新城千禧公园,10
浦东-花木-香梅花园(二期),浦东,花木,香梅花园(二期),10
松江-莘闵-百佳花园,松江,莘闵,百佳花园,10
松江-莘闵-桃花源田庄,松江,莘闵,桃花源田庄,10
浦东-洋泾-海防新村,浦东,洋泾,海防新村,10
闵行-金虹桥-奥森花苑,闵行,金虹桥,奥森花苑,10
奉贤-西渡-果园小区,奉贤,西渡,果园小区,10
松江-松江老城-河畔雅苑,松江,松江老城,河畔雅苑,10
嘉定-江桥新城-嘉城爱琴海,嘉定,江桥新城,嘉城爱琴海,10
浦东-金桥-中星长岛苑,浦东,金桥,中星长岛苑,10
松江-松江老城-人乐二村,松江,松江老城,人乐二村,10
浦东-金桥-金桥和苑,浦东,金桥,金桥和苑,10
闵行-莘庄南广场-品家都市星城,闵行,莘庄南广场,品家都市星城,10
嘉定-徐行-绿洲香格丽花园(公寓住宅),嘉定,徐行,绿洲香格丽花园(公寓住宅),10
闵行-莘庄北广场-当代艺墅,闵行,莘庄北广场,当代艺墅,10
宝山-月浦-石太路86弄小区,宝山,月浦,石太路86弄小区,10
虹口-鲁迅公园-恒城花苑,虹口,鲁迅公园,恒城花苑,10
闵行-浦江-永康城欣康苑,闵行,浦江,永康城欣康苑,10
奉贤-南桥-龙湖天曜,奉贤,南桥,龙湖天曜,10
奉贤-南桥-光语著,奉贤,南桥,光语著,10
嘉定-丰庄-逸香园,嘉定,丰庄,逸香园,10
青浦-徐泾北城-瑞和明庭(南区),青浦,徐泾北城,瑞和明庭(南区),10
嘉定-安亭-旭辉铂悦西郊,嘉定,安亭,旭辉铂悦西郊,10
闵行-吴泾-虹梅景苑一街坊,闵行,吴泾,虹梅景苑一街坊,10
青浦-朱家角-中信泰富朱家角新城观澜府,青浦,朱家角,中信泰富朱家角新城观澜府,10
长宁-中山公园-利星国际广场,长宁,中山公园,利星国际广场,10
青浦-华新-海玥金茂悦,青浦,华新,海玥金茂悦,10
虹口-鲁迅公园-嘉苑公寓,虹口,鲁迅公园,嘉苑公寓,10
青浦-青浦新城-新城忆华里(二期),青浦,青浦新城,新城忆华里(二期),10
闵行-龙柏金汇-虹桥金斯花园(公寓住宅),闵行,龙柏金汇,虹桥金斯花园(公寓住宅),10
虹口-江湾-欣逸家园,虹口,江湾,欣逸家园,10
浦东-康桥-周康五村,浦东,康桥,周康五村,10
浦东-川沙-桃园公寓(浦东),浦东,川沙,桃园公寓(浦东),10
浦东-世博-轻工六里小区,浦东,世博,轻工六里小区,10
嘉定-嘉定新城-保利天琴宇(二期),嘉定,嘉定新城,保利天琴宇(二期),10
普陀-甘泉宜川-新沪小区,普陀,甘泉宜川,新沪小区,10
徐汇-上海植物园-天龙苑,徐汇,上海植物园,天龙苑,10
杨浦-五角场-杨浦大厦,杨浦,五角场,杨浦大厦,10
杨浦-杨浦大桥-双阳路50弄小区,杨浦,杨浦大桥,双阳路50弄小区,10
金山-金山卫-滨海一村,金山,金山卫,滨海一村,10
浦东-周浦-新育公寓,浦东,周浦,新育公寓,9
闵行-华漕-金臣别墅,闵行,华漕,金臣别墅,9
长宁-新华路-杨宅小区(792弄),长宁,新华路,杨宅小区(792弄),9
嘉定-华亭-绿洲华亭茗苑(公寓住宅),嘉定,华亭,绿洲华亭茗苑(公寓住宅),9
浦东-花木-龙沟新苑,浦东,花木,龙沟新苑,9
闵行-航华-春晖小区(航华二村三街坊),闵行,航华,春晖小区(航华二村三街坊),9
松江-佘山-上海紫园,松江,佘山,上海紫园,9
浦东-高行-浦江东旭公寓(南区),浦东,高行,浦江东旭公寓(南区),9
奉贤-南桥-正阳TOP,奉贤,南桥,正阳TOP,9
徐汇-斜土路-科乐苑,徐汇,斜土路,科乐苑,9
嘉定-菊园新区-万科金色领域(东区),嘉定,菊园新区,万科金色领域(东区),9
浦东-惠南-上海蓝堡,浦东,惠南,上海蓝堡,9
浦东-杨思-尚东国际名园(三期),浦东,杨思,尚东国际名园(三期),9
松江-九亭-九亭苑,松江,九亭,九亭苑,9
闵行-静安新城-静安花苑(闵行),闵行,静安新城,静安花苑(闵行),9
徐汇-徐家汇-凯歌公寓,徐汇,徐家汇,凯歌公寓,9
虹口-北外滩-河滨大楼,虹口,北外滩,河滨大楼,9
奉贤-金汇-禹洲天境铂悦,奉贤,金汇,禹洲天境铂悦,9
浦东-花木-芳佳苑,浦东,花木,芳佳苑,9
徐汇-斜土路-汇成桂苑,徐汇,斜土路,汇成桂苑,9
浦东-航头-森兰·航荟名庭,浦东,航头,森兰·航荟名庭,9
虹口-临平路-凯虹家园,虹口,临平路,凯虹家园,9
浦东-康桥-仁怡苑,浦东,康桥,仁怡苑,9
青浦-赵巷-香水湾,青浦,赵巷,香水湾,9
崇明-城桥-新城明月苑,崇明,城桥,新城明月苑,9
浦东-川沙-凯佳公寓(东区),浦东,川沙,凯佳公寓(东区),9
浦东-世博滨江-爵仕悦,浦东,世博滨江,爵仕悦,9
浦东-世博-耀华高层,浦东,世博,耀华高层,9
普陀-甘泉宜川-金原新苑,普陀,甘泉宜川,金原新苑,9
虹口-江湾-胜利小区(虹口),虹口,江湾,胜利小区(虹口),9
奉贤-南桥-阳光家园(南桥),奉贤,南桥,阳光家园(南桥),9
虹口-曲阳-北宸佳苑,虹口,曲阳,北宸佳苑,9
长宁-古北-古北嘉年华庭(南区),长宁,古北,古北嘉年华庭(南区),9
金山-金山工业区-新未来樾湖,金山,金山工业区,新未来樾湖,9
普陀-曹杨-中桥大楼,普陀,曹杨,中桥大楼,9
青浦-朱家角-天地健康城,青浦,朱家角,天地健康城,9
闵行-龙柏金汇-金坤花园,闵行,龙柏金汇,金坤花园,9
虹口-鲁迅公园-祥德小区,虹口,鲁迅公园,祥德小区,9
金山-石化-石化十一村,金山,石化,石化十一村,9
浦东-周浦-加盟圣蓝,浦东,周浦,加盟圣蓝,9
长宁-动物园-西郊宝成花苑(二期别墅),长宁,动物园,西郊宝成花苑(二期别墅),8
长宁-仙霞-星霞苑,长宁,仙霞,星霞苑,8
浦东-北蔡-莲业新村,浦东,北蔡,莲业新村,8
普陀-长征-建德花园丁香苑,普陀,长征,建德花园丁香苑,8
浦东-唐镇-大名城紫金九号(二期),浦东,唐镇,大名城紫金九号(二期),8
闵行-浦江-保利茉莉公馆(三期别墅),闵行,浦江,保利茉莉公馆(三期别墅),8
虹口-江湾-新南小区,虹口,江湾,新南小区,8
静安-阳城永和-盛世馨园,静安,阳城永和,盛世馨园,8
宝山-友谊路-中冶上河雅筑,宝山,友谊路,中冶上河雅筑,8
奉贤-奉贤周边-解放三区,奉贤,奉贤周边,解放三区,8
虹口-凉城-东苑小区(凉城二村),虹口,凉城,东苑小区(凉城二村),8
静安-彭浦-阳曲路470弄小区,静安,彭浦,阳曲路470弄小区,8
松江-佘山-世茂佘山庄园(一期),松江,佘山,世茂佘山庄园(一期),8
闵行-老闵行-金榜世家(六期),闵行,老闵行,金榜世家(六期),8
杨浦-鞍山-辽源一村,杨浦,鞍山,辽源一村,8
浦东-宣桥-景瑞法兰云廷(公寓住宅),浦东,宣桥,景瑞法兰云廷(公寓住宅),8
浦东-泥城-清风花苑,浦东,泥城,清风花苑,8
宝山-上海大学-祁连四村,宝山,上海大学,祁连四村,8
闵行-七宝-亿豪名邸,闵行,七宝,亿豪名邸,8
闵行-七宝-佳宝三村,闵行,七宝,佳宝三村,8
浦东-洋泾-东珂花苑,浦东,洋泾,东珂花苑,8
闵行-老闵行-鹤庆苑,闵行,老闵行,鹤庆苑,8
闵行-金虹桥-张家宅小区,闵行,金虹桥,张家宅小区,8
徐汇-徐家汇-交大公寓,徐汇,徐家汇,交大公寓,8
浦东-碧云-凤凰大厦,浦东,碧云,凤凰大厦,8
静安-大宁-平型关路615弄小区,静安,大宁,平型关路615弄小区,8
徐汇-龙华-海波花苑,徐汇,龙华,海波花苑,8
普陀-长寿路-乐怡苑(普陀),普陀,长寿路,乐怡苑(普陀),8
徐汇-徐家汇-鹏欣公寓,徐汇,徐家汇,鹏欣公寓,8
闵行-金虹桥-虹鹿花苑第二公寓,闵行,金虹桥,虹鹿花苑第二公寓,8
浦东-花木-花木鑫丰苑,浦东,花木,花木鑫丰苑,8
嘉定-菊园新区-嘉宝梦之月,嘉定,菊园新区,嘉宝梦之月,8
浦东-新场-中粮首创禧瑞祥云,浦东,新场,中粮首创禧瑞祥云,8
浦东-上南-上南路3827弄小区,浦东,上南,上南路3827弄小区,8
浦东-惠南-听潮民乐苑(一街坊),浦东,惠南,听潮民乐苑(一街坊),8
闵行-七宝-富丽公寓西区,闵行,七宝,富丽公寓西区,8
松江-松江老城-市北祥腾麓源(公寓住宅),松江,松江老城,市北祥腾麓源(公寓住宅),8
浦东-陆家嘴-崂山五村,浦东,陆家嘴,崂山五村,8
宝山-杨行-中铁北宸名庭,宝山,杨行,中铁北宸名庭,8
松江-松江老城-同济城市雅筑,松江,松江老城,同济城市雅筑,8
金山-枫泾-枫光苑,金山,枫泾,枫光苑,8
闵行-浦江-浦江宝邸(西区),闵行,浦江,浦江宝邸(西区),8
青浦-朱家角-大发融悦,青浦,朱家角,大发融悦,8
宝山-罗店-上置美兰优湖,宝山,罗店,上置美兰优湖,8
宝山-淞宝-西朱新村,宝山,淞宝,西朱新村,8
宝山-杨行-春江美庐(别墅),宝山,杨行,春江美庐(别墅),8
宝山-杨行-海德花园(公寓住宅),宝山,杨行,海德花园(公寓住宅),8
闵行-浦江-一品漫城(三期公寓住宅),闵行,浦江,一品漫城(三期公寓住宅),8
浦东-川沙-川北居民区,浦东,川沙,川北居民区,8
浦东-北蔡-通宇加东花园,浦东,北蔡,通宇加东花园,7
浦东-周浦-丽都家园,浦东,周浦,丽都家园,7
长宁-中山公园-遵义小区(北区),长宁,中山公园,遵义小区(北区),7
浦东-临港新城-海汇清波苑,浦东,临港新城,海汇清波苑,7
嘉定-嘉定新城-上实海上荟(公寓住宅),嘉定,嘉定新城,上实海上荟(公寓住宅),7
徐汇-上海南站-南站阳光小区,徐汇,上海南站,南站阳光小区,7
浦东-外高桥-宝厦雅苑(公寓住宅),浦东,外高桥,宝厦雅苑(公寓住宅),7
浦东-北蔡-大华锦绣华城十街区,浦东,北蔡,大华锦绣华城十街区,7
徐汇-徐家汇-航道住宅小区,徐汇,徐家汇,航道住宅小区,7
奉贤-金汇-奉发·左岸晶邸,奉贤,金汇,奉发·左岸晶邸,7
浦东-杨东-中福公寓,浦东,杨东,中福公寓,7
青浦-青浦新城-顺驰蓝湾(二期公寓住宅),青浦,青浦新城,顺驰蓝湾(二期公寓住宅),7
普陀-武宁-中环大厦,普陀,武宁,中环大厦,7
宝山-月浦-富锦路1659弄小区,宝山,月浦,富锦路1659弄小区,7
普陀-长征-上钞苑,普陀,长征,上钞苑,7
松江-泖港-南乐小区,松江,泖港,南乐小区,7
松江-洞泾-尚云里(公寓住宅),松江,洞泾,尚云里(公寓住宅),7
浦东-张江-贝越佳园(南区),浦东,张江,贝越佳园(南区),7
闵行-马桥-隐秀云庐,闵行,马桥,隐秀云庐,7
浦东-御桥-康桥花园东园,浦东,御桥,康桥花园东园,7
浦东-三林-日月豪庭,浦东,三林,日月豪庭,7
浦东-祝桥-同悦湾华庭(北区别墅),浦东,祝桥,同悦湾华庭(北区别墅),7
徐汇-龙华-申航小区,徐汇,龙华,申航小区,7
青浦-青浦新城-帕缇欧香苑(一二期公寓住宅),青浦,青浦新城,帕缇欧香苑(一二期公寓住宅),7
闵行-莘庄南广场-莘梓苑,闵行,莘庄南广场,莘梓苑,7
嘉定-真新-真南小区,嘉定,真新,真南小区,7
浦东-祝桥-同悦湾华庭(南区公寓住宅),浦东,祝桥,同悦湾华庭(南区公寓住宅),7
浦东-高东-欣连苑,浦东,高东,欣连苑,7
奉贤-南桥-正阳铂璟湾(西区),奉贤,南桥,正阳铂璟湾(西区),7
嘉定-马陆-映翠府,嘉定,马陆,映翠府,7
杨浦-中原-潘阳小区,杨浦,中原,潘阳小区,7
杨浦-中原-闸殷小区,杨浦,中原,闸殷小区,7
浦东-川沙-御景豪园,浦东,川沙,御景豪园,7
金山-石化-石化四村,金山,石化,石化四村,7
宝山-顾村-大华锦绣四季(新房),宝山,顾村,大华锦绣四季(新房),7
长宁-中山公园-笠园凯旋坊,长宁,中山公园,笠园凯旋坊,7
浦东-塘桥-盛逸公寓,浦东,塘桥,盛逸公寓,7
浦东-塘桥-微山三村,浦东,塘桥,微山三村,7
浦东-周浦-龙意小区,浦东,周浦,龙意小区,7
浦东-南码头-银河小区,浦东,南码头,银河小区,7
嘉定-南翔-华谊逸品澜湾(北区),嘉定,南翔,华谊逸品澜湾(北区),7
普陀-曹杨-金杨园,普陀,曹杨,金杨园,7
闵行-华漕-虹桥富力中心,闵行,华漕,虹桥富力中心,7
长宁-新华路-凯旋公寓,长宁,新华路,凯旋公寓,7
闵行-华漕-馨乐佳苑,闵行,华漕,馨乐佳苑,7
长宁-中山公园-愚园公馆,长宁,中山公园,愚园公馆,7
杨浦-杨浦公园-图们路10弄小区,杨浦,杨浦公园,图们路10弄小区,7
杨浦-黄兴-控江六村,杨浦,黄兴,控江六村,7
青浦-徐泾北城-瑞和明庭(东区),青浦,徐泾北城,瑞和明庭(东区),7
闵行-老闵行-电机四村,闵行,老闵行,电机四村,7
浦东-陆家嘴-阳升公寓,浦东,陆家嘴,阳升公寓,7
浦东-张江-孙桥黄浦花园,浦东,张江,孙桥黄浦花园,7
闵行-颛桥-绿久苑,闵行,颛桥,绿久苑,7
嘉定-徐行-莫里斯花源(公寓住宅),嘉定,徐行,莫里斯花源(公寓住宅),7
闵行-颛桥-日月华庭(一期),闵行,颛桥,日月华庭(一期),7
松江-松江新城-蓝色剑桥,松江,松江新城,蓝色剑桥,7
松江-永丰-国贸梧桐原,松江,永丰,国贸梧桐原,7
浦东-临港新城-上实望海,浦东,临港新城,上实望海,7
徐汇-徐家汇-漕溪二村201-212号小区,徐汇,徐家汇,漕溪二村201-212号小区,7
宝山-杨行-四季都会晓风来(公寓住宅),宝山,杨行,四季都会晓风来(公寓住宅),7
静安-曹家渡-怡乐花园,静安,曹家渡,怡乐花园,7
奉贤-奉贤周边-绿地翡翠公馆,奉贤,奉贤周边,绿地翡翠公馆,7
青浦-华新-虹桥宝龙广场,青浦,华新,虹桥宝龙广场,7
虹口-鲁迅公园-花园城(二期),虹口,鲁迅公园,花园城(二期),7
杨浦-中原-世和园,杨浦,中原,世和园,7
虹口-和平公园-天宝绿洲,虹口,和平公园,天宝绿洲,7
浦东-川沙-鑫龙佳苑,浦东,川沙,鑫龙佳苑,7
长宁-动物园-程桥一村,长宁,动物园,程桥一村,6
浦东-北蔡-景泰嘉苑,浦东,北蔡,景泰嘉苑,6
浦东-北蔡-紫竹轩,浦东,北蔡,紫竹轩,6
嘉定-南翔-南华二村,嘉定,南翔,南华二村,6
浦东-北蔡-大华锦绣华城十八街区(别墅),浦东,北蔡,大华锦绣华城十八街区(别墅),6
浦东-塘桥-国地公寓,浦东,塘桥,国地公寓,6
杨浦-五角场-政立路545弄小区,杨浦,五角场,政立路545弄小区,6
徐汇-上海植物园-叠加苑,徐汇,上海植物园,叠加苑,6
金山-朱泾-华光紫荆苑,金山,朱泾,华光紫荆苑,6
宝山-顾村-上坤乐城(公寓住宅),宝山,顾村,上坤乐城(公寓住宅),6
闵行-七宝-碧林湾新苑,闵行,七宝,碧林湾新苑,6
闵行-浦江-华侨城十号院,闵行,浦江,华侨城十号院,6
浦东-前滩-世纪前滩·天汇,浦东,前滩,世纪前滩·天汇,6
嘉定-南翔-绿地清猗园(一期),嘉定,南翔,绿地清猗园(一期),6
长宁-中山公园-江苏路499弄小区,长宁,中山公园,江苏路499弄小区,6
长宁-古北-西郊花园别墅,长宁,古北,西郊花园别墅,6
长宁-北新泾-绿园十二村,长宁,北新泾,绿园十二村,6
长宁-新华路-凯旋都市花园,长宁,新华路,凯旋都市花园,6
青浦-白鹤-欣雨佳苑,青浦,白鹤,欣雨佳苑,6
普陀-李子园-复地香栀花园,普陀,李子园,复地香栀花园,6
浦东-北蔡-龙港新村,浦东,北蔡,龙港新村,6
黄浦-豫园-翠湖天地瑞苑,黄浦,豫园,翠湖天地瑞苑,6
黄浦-蓬莱公园-五坊园(三期),黄浦,蓬莱公园,五坊园(三期),6
长宁-北新泾-协和小区(北新泾),长宁,北新泾,协和小区(北新泾),6
嘉定-嘉定城区-信义嘉庭(二期),嘉定,嘉定城区,信义嘉庭(二期),6
静安-江宁路-大闻丽都苑,静安,江宁路,大闻丽都苑,6
闵行-龙柏金汇-金俊苑(公寓住宅),闵行,龙柏金汇,金俊苑(公寓住宅),6
静安-西藏北路-广盛公寓,静安,西藏北路,广盛公寓,6
浦东-川沙-鸿基公寓,浦东,川沙,鸿基公寓,6
闵行-龙柏金汇-龙柏井亭公寓,闵行,龙柏金汇,龙柏井亭公寓,6
嘉定-嘉定城区-迎园新村十三坊,嘉定,嘉定城区,迎园新村十三坊,6
虹口-四川北路-吉祥苑,虹口,四川北路,吉祥苑,6
徐汇-建国西路-年平花苑,徐汇,建国西路,年平花苑,6
徐汇-康健-梅花园(徐汇),徐汇,康健,梅花园(徐汇),6
浦东-川沙-曙航苑,浦东,川沙,曙航苑,6
嘉定-江桥新城-江桥三村九街坊,嘉定,江桥新城,江桥三村九街坊,6
杨浦-中原-殷行二村,杨浦,中原,殷行二村,6
浦东-临港新城-东海二村,浦东,临港新城,东海二村,6
松江-松江新城-方舟休闲广场公寓,松江,松江新城,方舟休闲广场公寓,6
浦东-川沙-界龙新世纪公寓,浦东,川沙,界龙新世纪公寓,6
虹口-北外滩-前进小区,虹口,北外滩,前进小区,6
浦东-高东-高东新村(222弄),浦东,高东,高东新村(222弄),6
浦东-高东-杨园七村,浦东,高东,杨园七村,6
浦东-陆家嘴-金隆置地大厦,浦东,陆家嘴,金隆置地大厦,6
浦东-花木-由由新邸,浦东,花木,由由新邸,6
浦东-金桥-东力新村,浦东,金桥,东力新村,6
浦东-航头-鹤沙航城顺和苑,浦东,航头,鹤沙航城顺和苑,6
徐汇-龙华-恒地苑,徐汇,龙华,恒地苑,6
静安-大宁-宁馨小区,静安,大宁,宁馨小区,6
浦东-惠南-东原逸墅(别墅),浦东,惠南,东原逸墅(别墅),6
浦东-金杨新村-德乐苑,浦东,金杨新村,德乐苑,6
浦东-联洋-九间堂别墅,浦东,联洋,九间堂别墅,6
浦东-三林-凌兆四村,浦东,三林,凌兆四村,6
浦东-三林-绿波家园,浦东,三林,绿波家园,6
闵行-马桥-敬南苑,闵行,马桥,敬南苑,6
松江-洞泾-新松嘉园,松江,洞泾,新松嘉园,6
浦东-江镇-东都豪苑,浦东,江镇,东都豪苑,6
普陀-长寿路-纺鑫苑小区,普陀,长寿路,纺鑫苑小区,6
浦东-源深-海院新村,浦东,源深,海院新村,6
宝山-大场-聚丰福邸,宝山,大场,聚丰福邸,6
闵行-金虹桥-古北虹苑(一期),闵行,金虹桥,古北虹苑(一期),6
浦东-杨思-华夏小区,浦东,杨思,华夏小区,6
闵行-金虹桥-古北新城(一期),闵行,金虹桥,古北新城(一期),6
浦东-洋泾-华阳苑,浦东,洋泾,华阳苑,6
浦东-杨思-华丰佳园,浦东,杨思,华丰佳园,6
浦东-洋泾-永安新村,浦东,洋泾,永安新村,6
崇明-陈家-上实和风院,崇明,陈家,上实和风院,6
杨浦-新江湾城-翡翠东森花园,杨浦,新江湾城,翡翠东森花园,6
黄浦-打浦桥-康衢小区,黄浦,打浦桥,康衢小区,6
黄浦-淮海中路-思南公馆东苑,黄浦,淮海中路,思南公馆东苑,5
黄浦-蓬莱公园-豫欣公寓,黄浦,蓬莱公园,豫欣公寓,5
黄浦-打浦桥-绿洲仕格维花园公寓,黄浦,打浦桥,绿洲仕格维花园公寓,5
嘉定-南翔-银凯公寓,嘉定,南翔,银凯公寓,5
黄浦-打浦桥-丽园路1032弄小区,黄浦,打浦桥,丽园路1032弄小区,5
浦东-泥城-云锦雅苑,浦东,泥城,云锦雅苑,5
宝山-上海大学-南大路180弄小区,宝山,上海大学,南大路180弄小区,5
黄浦-蓬莱公园-富南大厦,黄浦,蓬莱公园,富南大厦,5
浦东-三林-上南山水苑(西区),浦东,三林,上南山水苑(西区),5
崇明-城桥-文宸花苑,崇明,城桥,文宸花苑,5
长宁-天山-舜元知雅园,长宁,天山,舜元知雅园,5
浦东-花木-培花五村,浦东,花木,培花五村,5
浦东-临港新城-海尚明徕苑,浦东,临港新城,海尚明徕苑,5
浦东-花木-芳芯苑(352弄),浦东,花木,芳芯苑(352弄),5
浦东-碧云-金洋十方庭,浦东,碧云,金洋十方庭,5
浦东-花木-牡丹路186弄小区,浦东,花木,牡丹路186弄小区,5
浦东-前滩-晶鸿名邸,浦东,前滩,晶鸿名邸,5
浦东-北蔡-虞泽苑,浦东,北蔡,虞泽苑,5
徐汇-漕河泾-宾阳路11-21号小区,徐汇,漕河泾,宾阳路11-21号小区,5
浦东-洋泾-双城苑东苑,浦东,洋泾,双城苑东苑,5
宝山-高境-殷高路149弄小区,宝山,高境,殷高路149弄小区,5
浦东-惠南-公园新村,浦东,惠南,公园新村,5
金山-金山卫-万寿新村(金山),金山,金山卫,万寿新村(金山),5
浦东-惠南-梅花新邨,浦东,惠南,梅花新邨,5
浦东-花木-六街坊小区,浦东,花木,六街坊小区,5
浦东-万祥-万祥馨苑(北区),浦东,万祥,万祥馨苑(北区),5
奉贤-西渡-闸园新村西区,奉贤,西渡,闸园新村西区,5
浦东-周浦-莲花公寓(浦东),浦东,周浦,莲花公寓(浦东),5
静安-静安寺-金家巷,静安,静安寺,金家巷,5
徐汇-徐汇周边-虹梅小区,徐汇,徐汇周边,虹梅小区,5
松江-泗泾-中铁建花语天境(别墅),松江,泗泾,中铁建花语天境(别墅),5
普陀-长寿路-宝华名邸,普陀,长寿路,宝华名邸,5
浦东-三林-金光一村,浦东,三林,金光一村,5
浦东-北蔡-北蔡苑,浦东,北蔡,北蔡苑,5
浦东-八佰伴-东和公寓,浦东,八佰伴,东和公寓,5
黄浦-人民广场-文海大楼,黄浦,人民广场,文海大楼,5
浦东-上南-上南五村(121弄7支弄),浦东,上南,上南五村(121弄7支弄),5
浦东-三林-飞旺家园(865弄),浦东,三林,飞旺家园(865弄),5
浦东-外高桥-花山名苑,浦东,外高桥,花山名苑,5
浦东-川沙-新德路365弄小区,浦东,川沙,新德路365弄小区,5
杨浦-东外滩-昆明路1268弄小区,杨浦,东外滩,昆明路1268弄小区,5
宝山-淞南-益刚公寓,宝山,淞南,益刚公寓,5
宝山-淞南-鎏园,宝山,淞南,鎏园,5
黄浦-打浦桥-扬子江家园,黄浦,打浦桥,扬子江家园,5
长宁-新华路-新华嘉利公寓,长宁,新华路,新华嘉利公寓,5
松江-松江新城-绿洲华庭苑(公寓住宅),松江,松江新城,绿洲华庭苑(公寓住宅),5
静安-新闸路-海关二村,静安,新闸路,海关二村,5
徐汇-徐家汇-徐汇东安大楼,徐汇,徐家汇,徐汇东安大楼,5
浦东-合庆-荣华苑,浦东,合庆,荣华苑,5
静安-新客站-谈家桥路163弄小区,静安,新客站,谈家桥路163弄小区,5
静安-新客站-河滨花园,静安,新客站,河滨花园,5
松江-新桥-九城家天下雅苑,松江,新桥,九城家天下雅苑,5
徐汇-徐家汇-天钥桥路69弄丙支弄小区,徐汇,徐家汇,天钥桥路69弄丙支弄小区,5
浦东-康桥-康管会住宅楼,浦东,康桥,康管会住宅楼,5
浦东-张江-万科翡翠公园(商住楼),浦东,张江,万科翡翠公园(商住楼),5
闵行-漕宝路-大上海国际花园悉尼园,闵行,漕宝路,大上海国际花园悉尼园,5
杨浦-江浦路-双辽路155弄小区,杨浦,江浦路,双辽路155弄小区,5
浦东-塘桥-南泉新村,浦东,塘桥,南泉新村,5
普陀-华东师大-伸大厦,普陀,华东师大,伸大厦,5
徐汇-徐家汇-宛轻公寓,徐汇,徐家汇,宛轻公寓,5
闵行-莘庄南广场-圣陶沙花园(公寓住宅),闵行,莘庄南广场,圣陶沙花园(公寓住宅),5
闵行-莘庄北广场-水清嘉苑,闵行,莘庄北广场,水清嘉苑,5
青浦-青浦新城-庆丰新村,青浦,青浦新城,庆丰新村,5
宝山-大场-华和民祥园(北园),宝山,大场,华和民祥园(北园),5
松江-松江老城-古泓苑,松江,松江老城,古泓苑,5
浦东-世博-兴荣家园,浦东,世博,兴荣家园,5
静安-南京西路-静安别墅,静安,南京西路,静安别墅,5
浦东-御桥-康桥花园南园,浦东,御桥,康桥花园南园,5
浦东-周浦-绿地东海岸时尚广场,浦东,周浦,绿地东海岸时尚广场,5
青浦-朱家角-境秋华庭(别墅),青浦,朱家角,境秋华庭(别墅),5
青浦-徐泾-高富丽源,青浦,徐泾,高富丽源,5
青浦-朱家角-嘉涛湾(东区),青浦,朱家角,嘉涛湾(东区),5
松江-泗泾-金港花园(一期别墅),松江,泗泾,金港花园(一期别墅),5
浦东-三林-棕榈苑,浦东,三林,棕榈苑,5
静安-彭浦-三泉前进公寓,静安,彭浦,三泉前进公寓,5
长宁-天山-泰荣苑,长宁,天山,泰荣苑,5
闵行-七宝-大都会(公寓住宅),闵行,七宝,大都会(公寓住宅),5
浦东-北蔡-德铭苑,浦东,北蔡,德铭苑,5
浦东-北蔡-由由五村,浦东,北蔡,由由五村,5
闵行-浦江-瑞和城叁街区(鲁宁路80弄),闵行,浦江,瑞和城叁街区(鲁宁路80弄),5
浦东-张江-中芯花园(别墅),浦东,张江,中芯花园(别墅),5
闵行-颛桥-君临天下花园(公寓住宅),闵行,颛桥,君临天下花园(公寓住宅),5
青浦-朱家角-朱家角九间堂(别墅),青浦,朱家角,朱家角九间堂(别墅),5
宝山-淞宝-新叶公寓,宝山,淞宝,新叶公寓,5
静安-曹家渡-宏安家园,静安,曹家渡,宏安家园,5
静安-闸北公园-芷江公寓,静安,闸北公园,芷江公寓,5
嘉定-嘉定城区-嘉星绿苑,嘉定,嘉定城区,嘉星绿苑,5
嘉定-南翔-永红新村,嘉定,南翔,永红新村,5
闵行-七宝-京都苑,闵行,七宝,京都苑,5
长宁-西郊公园-锦程小区,长宁,西郊公园,锦程小区,5
黄浦-董家渡-申江新苑,黄浦,董家渡,申江新苑,5
浦东-外高桥-花山锦地苑,浦东,外高桥,花山锦地苑,5
浦东-川沙-城西二村(浦东),浦东,川沙,城西二村(浦东),5
普陀-甘泉宜川-周家巷小区,普陀,甘泉宜川,周家巷小区,5
浦东-川沙-华夏银桂苑,浦东,川沙,华夏银桂苑,5
松江-松江大学城-昂立大厦,松江,松江大学城,昂立大厦,5
徐汇-康健-桂梅别墅,徐汇,康健,桂梅别墅,5
虹口-凉城-海叶新苑,虹口,凉城,海叶新苑,5
虹口-江湾-三门路750弄小区,虹口,江湾,三门路750弄小区,5
宝山-通河新村-好家园,宝山,通河新村,好家园,5
虹口-鲁迅公园-明杨豪苑,虹口,鲁迅公园,明杨豪苑,5
静安-江宁路-康定大楼,静安,江宁路,康定大楼,5
松江-佘山-世茂佘山里,松江,佘山,世茂佘山里,5
静安-新客站-利丰苑,静安,新客站,利丰苑,5
杨浦-东外滩-万登花苑,杨浦,东外滩,万登花苑,5
浦东-高行-高行家园(西区),浦东,高行,高行家园(西区),5
浦东-临港新城-艾森公馆,浦东,临港新城,艾森公馆,4
黄浦-打浦桥-明德坊,黄浦,打浦桥,明德坊,4
黄浦-打浦桥-瞿溪坊,黄浦,打浦桥,瞿溪坊,4
黄浦-淮海中路-陕西南路271弄小区,黄浦,淮海中路,陕西南路271弄小区,4
嘉定-南翔-金地格林世界格林公馆(商住楼),嘉定,南翔,金地格林世界格林公馆(商住楼),4
嘉定-嘉定城区-嘉宏公寓,嘉定,嘉定城区,嘉宏公寓,4
浦东-临港新城-碧云壹零(别墅),浦东,临港新城,碧云壹零(别墅),4
嘉定-菊园新区-新城悠活城(商住楼),嘉定,菊园新区,新城悠活城(商住楼),4
宝山-顾村-环绿国际(别墅),宝山,顾村,环绿国际(别墅),4
徐汇-斜土路-三航大厦,徐汇,斜土路,三航大厦,4
杨浦-黄兴-控江路680弄小区,杨浦,黄兴,控江路680弄小区,4
嘉定-南翔-绿地新翔家园,嘉定,南翔,绿地新翔家园,4
徐汇-斜土路-斜土路1358弄小区,徐汇,斜土路,斜土路1358弄小区,4
金山-金山周边-石化十五村,金山,金山周边,石化十五村,4
浦东-惠南-华盛新村,浦东,惠南,华盛新村,4
闵行-华漕-共建小区(东区),闵行,华漕,共建小区(东区),4
长宁-新华路-兰庭,长宁,新华路,兰庭,4
崇明-陈家-山水拾间,崇明,陈家,山水拾间,4
宝山-通河新村-昌鑫协和园,宝山,通河新村,昌鑫协和园,4
奉贤-金汇-申亚花满庭(别墅),奉贤,金汇,申亚花满庭(别墅),4
黄浦-蓬莱公园-冠浦花园,黄浦,蓬莱公园,冠浦花园,4
青浦-香花桥-民惠佳苑(十一区公寓住宅),青浦,香花桥,民惠佳苑(十一区公寓住宅),4
宝山-高境-逸仙小区东区(宝山),宝山,高境,逸仙小区东区(宝山),4
普陀-武宁-中宁别墅,普陀,武宁,中宁别墅,4
浦东-联洋-金色维也纳金樽花园(公寓住宅),浦东,联洋,金色维也纳金樽花园(公寓住宅),4
普陀-李子园-祥和王宫,普陀,李子园,祥和王宫,4
浦东-源深-惠扬大厦,浦东,源深,惠扬大厦,4
浦东-洋泾-海炼大楼,浦东,洋泾,海炼大楼,4
浦东-周浦-招商南昌市政·公园1872,浦东,周浦,招商南昌市政·公园1872,4
杨浦-杨浦大桥-新中源大楼,杨浦,杨浦大桥,新中源大楼,4
徐汇-万体馆-铭源大楼,徐汇,万体馆,铭源大楼,4
闵行-马桥-富岩路230弄小区,闵行,马桥,富岩路230弄小区,4
黄浦-淮海中路-金鹿大楼,黄浦,淮海中路,金鹿大楼,4
静安-彭浦-共和新路4605弄小区,静安,彭浦,共和新路4605弄小区,4
闵行-颛桥-万顺苑,闵行,颛桥,万顺苑,4
浦东-祝桥-思凡花苑三街坊,浦东,祝桥,思凡花苑三街坊,4
徐汇-徐家汇-兴都大楼,徐汇,徐家汇,兴都大楼,4
虹口-凉城-中虹花园新都苑,虹口,凉城,中虹花园新都苑,4
嘉定-菊园新区-胜悦嘉苑(西苑),嘉定,菊园新区,胜悦嘉苑(西苑),4
闵行-浦江-陈行一村,闵行,浦江,陈行一村,4
静安-大宁-柳营路1025弄小区,静安,大宁,柳营路1025弄小区,4
黄浦-南京东路-东新大厦商务楼,黄浦,南京东路,东新大厦商务楼,4
闵行-江川路-电厂小区,闵行,江川路,电厂小区,4
徐汇-徐家汇-柿子湾路8弄小区,徐汇,徐家汇,柿子湾路8弄小区,4
静安-西藏北路-芷江小区,静安,西藏北路,芷江小区,4
静安-西藏北路-宝昌路600弄小区,静安,西藏北路,宝昌路600弄小区,4
静安-西藏北路-和颐苑,静安,西藏北路,和颐苑,4
静安-西藏北路-南山路10弄小区,静安,西藏北路,南山路10弄小区,4
黄浦-南京东路-中信福申大楼,黄浦,南京东路,中信福申大楼,4
青浦-朱家角-中信泰富朱家角新城翠苑(东区别墅),青浦,朱家角,中信泰富朱家角新城翠苑(东区别墅),4
奉贤-南桥-景怡佳苑(公寓住宅),奉贤,南桥,景怡佳苑(公寓住宅),4
浦东-周浦-百禄商业广场,浦东,周浦,百禄商业广场,4
浦东-金桥-中环滨江大厦,浦东,金桥,中环滨江大厦,4
浦东-金杨新村-金芙苑,浦东,金杨新村,金芙苑,4
浦东-金杨新村-陆家嘴新景园(一期),浦东,金杨新村,陆家嘴新景园(一期),4
奉贤-南桥-丽江苑,奉贤,南桥,丽江苑,4
浦东-金杨新村-通联苑(一期),浦东,金杨新村,通联苑(一期),4
青浦-赵巷-御澜山,青浦,赵巷,御澜山,4
松江-永丰-辰源新苑,松江,永丰,辰源新苑,4
宝山-杨行-华馨苑(别墅),宝山,杨行,华馨苑(别墅),4
青浦-朱家角-九间堂玲珑坊(公寓住宅),青浦,朱家角,九间堂玲珑坊(公寓住宅),4
普陀-万里城-META CITY|天元府,普陀,万里城,META CITY|天元府,4
普陀-万里城-万里欣苑,普陀,万里城,万里欣苑,4
奉贤-西渡-悦澜天地(新房),奉贤,西渡,悦澜天地(新房),4
松江-松江老城-中山中路54弄小区,松江,松江老城,中山中路54弄小区,4
青浦-朱家角-中信泰富朱家角新城翠苑(东区公寓住宅),青浦,朱家角,中信泰富朱家角新城翠苑(东区公寓住宅),4
金山-枫泾-光年里,金山,枫泾,光年里,4
浦东-川沙-陆家嘴锦绣观澜,浦东,川沙,陆家嘴锦绣观澜,4
徐汇-龙华-中山苑(徐汇),徐汇,龙华,中山苑(徐汇),4
徐汇-龙华-周家湾,徐汇,龙华,周家湾,4
闵行-浦江-三弦海上金街,闵行,浦江,三弦海上金街,4
浦东-川沙-东唐花苑,浦东,川沙,东唐花苑,4
杨浦-黄兴-翔殷路765-827号(单)小区,杨浦,黄兴,翔殷路765-827号(单)小区,4
浦东-川沙-南市街16弄小区,浦东,川沙,南市街16弄小区,4
宝山-淞南-上港星江湾一期,宝山,淞南,上港星江湾一期,4
虹口-临平路-宇泰景苑,虹口,临平路,宇泰景苑,4
松江-松江大学城-富悦财富广场,松江,松江大学城,富悦财富广场,4
虹口-四川北路-金芙世纪公寓,虹口,四川北路,金芙世纪公寓,4
闵行-老闵行-浦江大楼,闵行,老闵行,浦江大楼,4
虹口-北外滩-长江大楼,虹口,北外滩,长江大楼,4
浦东-世博滨江-浦东城建大厦,浦东,世博滨江,浦东城建大厦,4
闵行-浦江-瑞和城叁街区(汇臻路815弄),闵行,浦江,瑞和城叁街区(汇臻路815弄),4
嘉定-嘉定城区-嘉定东方商厦,嘉定,嘉定城区,嘉定东方商厦,4
虹口-四川北路-金宝大厦,虹口,四川北路,金宝大厦,4
虹口-凉城-凉二小区,虹口,凉城,凉二小区,4
虹口-北外滩-恒升半岛国际中心大厦(公寓住宅),虹口,北外滩,恒升半岛国际中心大厦(公寓住宅),4
浦东-世博滨江-南码头路144弄小区,浦东,世博滨江,南码头路144弄小区,4
浦东-外高桥-石家街144弄小区,浦东,外高桥,石家街144弄小区,4
松江-九亭-绿宸家园,松江,九亭,绿宸家园,4
杨浦-鞍山-鞍山路215弄小区,杨浦,鞍山,鞍山路215弄小区,4
"虹口-曲阳-北郊小区(475弄,483弄)",虹口,曲阳,"北郊小区(475弄,483弄)",4
黄浦-董家渡-薛家浜路242弄小区,黄浦,董家渡,薛家浜路242弄小区,4
杨浦-控江路-双阳路490弄小区,杨浦,控江路,双阳路490弄小区,4
杨浦-五角场-海鸿公寓,杨浦,五角场,海鸿公寓,4
崇明-城桥-绿地瀛洲名邸(799弄公寓住宅),崇明,城桥,绿地瀛洲名邸(799弄公寓住宅),4
崇明-城桥-玉麟名邸,崇明,城桥,玉麟名邸,4
黄浦-董家渡-制造局后街24-28号小区,黄浦,董家渡,制造局后街24-28号小区,4
杨浦-新江湾城-尊堡园(公寓住宅),杨浦,新江湾城,尊堡园(公寓住宅),3
杨浦-新江湾城-润地华庭,杨浦,新江湾城,润地华庭,3
杨浦-中原-春岚苑,杨浦,中原,春岚苑,3
黄浦-淮海中路-来德坊,黄浦,淮海中路,来德坊,3
黄浦-老西门-大林大楼,黄浦,老西门,大林大楼,3
黄浦-老西门-桃源新村(黄浦),黄浦,老西门,桃源新村(黄浦),3
闵行-七宝-嘉丽苑(闵行),闵行,七宝,嘉丽苑(闵行),3
崇明-城桥-永凤花园,崇明,城桥,永凤花园,3
崇明-堡镇-向阳一村,崇明,堡镇,向阳一村,3
崇明-堡镇-海燕二村(崇明),崇明,堡镇,海燕二村(崇明),3
浦东-北蔡-宏莲馨苑,浦东,北蔡,宏莲馨苑,3
长宁-西郊公园-武警医院小区,长宁,西郊公园,武警医院小区,3
黄浦-董家渡-百汇公寓,黄浦,董家渡,百汇公寓,3
黄浦-蓬莱公园-上海人家(永厦大楼),黄浦,蓬莱公园,上海人家(永厦大楼),3
杨浦-五角场-金体苑,杨浦,五角场,金体苑,3
杨浦-周家嘴路-霍兰小区,杨浦,周家嘴路,霍兰小区,3
闵行-春申-随园玉兰苑,闵行,春申,随园玉兰苑,3
杨浦-鞍山-飞虹公寓,杨浦,鞍山,飞虹公寓,3
静安-江宁路-华通公寓,静安,江宁路,华通公寓,3
浦东-周浦-汇腾东苑,浦东,周浦,汇腾东苑,3
青浦-徐泾-天璟雅苑(公寓住宅),青浦,徐泾,天璟雅苑(公寓住宅),3
闵行-颛桥-华银苑,闵行,颛桥,华银苑,3
浦东-川沙-欧泊圣堡,浦东,川沙,欧泊圣堡,3
松江-九亭-馨亭家苑(别墅),松江,九亭,馨亭家苑(别墅),3
宝山-淞宝-宝宸怡秀园,宝山,淞宝,宝宸怡秀园,3
徐汇-建国西路-鼎新大楼,徐汇,建国西路,鼎新大楼,3
虹口-四川北路-华昌公寓,虹口,四川北路,华昌公寓,3
嘉定-嘉定城区-金沙公寓,嘉定,嘉定城区,金沙公寓,3
虹口-凉城-场中路803弄小区,虹口,凉城,场中路803弄小区,3
浦东-陆家嘴-开发浦东,浦东,陆家嘴,开发浦东,3
虹口-北外滩-宇泰公寓,虹口,北外滩,宇泰公寓,3
普陀-武宁-武宁路200弄小区,普陀,武宁,武宁路200弄小区,3
普陀-甘泉宜川-一品国际,普陀,甘泉宜川,一品国际,3
普陀-甘泉宜川-龚家宅,普陀,甘泉宜川,龚家宅,3
浦东-世博-耀华大楼,浦东,世博,耀华大楼,3
虹口-曲阳-四平路幸福村,虹口,曲阳,四平路幸福村,3
虹口-曲阳-巴林别墅,虹口,曲阳,巴林别墅,3
虹口-江湾-福赐新苑,虹口,江湾,福赐新苑,3
虹口-鲁迅公园-西二小区,虹口,鲁迅公园,西二小区,3
宝山-罗店-富秀苑,宝山,罗店,富秀苑,3
闵行-梅陇-万科燕南园,闵行,梅陇,万科燕南园,3
闵行-老闵行-昆阳小区(600弄),闵行,老闵行,昆阳小区(600弄),3
宝山-淞南-李金怡心园,宝山,淞南,李金怡心园,3
松江-佘山-世茂佘山庄园(二期),松江,佘山,世茂佘山庄园(二期),3
松江-松江大学城-山水景苑(别墅),松江,松江大学城,山水景苑(别墅),3
松江-松江大学城-西外公馆,松江,松江大学城,西外公馆,3
静安-彭浦-绿福公寓(西区),静安,彭浦,绿福公寓(西区),3
浦东-金桥-金桥路835弄小区,浦东,金桥,金桥路835弄小区,3
浦东-陆家嘴-紫光大厦,浦东,陆家嘴,紫光大厦,3
浦东-高行-东靖苑(一期),浦东,高行,东靖苑(一期),3
浦东-金桥-浦东大道2511弄小区,浦东,金桥,浦东大道2511弄小区,3
徐汇-徐家汇-宛一物业小区,徐汇,徐家汇,宛一物业小区,3
静安-闸北公园-峥宸苑,静安,闸北公园,峥宸苑,3
青浦-青浦新城-新城盛景D区(公寓住宅),青浦,青浦新城,新城盛景D区(公寓住宅),3
"徐汇-徐家汇-枫林路79,85,95,137,147,155,161,167号小区",徐汇,徐家汇,"枫林路79,85,95,137,147,155,161,167号小区",3
静安-新客站-绿地海珀星晖,静安,新客站,绿地海珀星晖,3
静安-曹家渡-四和花园(1940弄),静安,曹家渡,四和花园(1940弄),3
松江-泗泾-同济晶萃(别墅),松江,泗泾,同济晶萃(别墅),3
松江-松江新城-绿洲华庭苑(别墅),松江,松江新城,绿洲华庭苑(别墅),3
奉贤-西渡-中国铁建印象花语墅,奉贤,西渡,中国铁建印象花语墅,3
浦东-世博-上钢九村(400弄),浦东,世博,上钢九村(400弄),3
浦东-金桥-龙居花苑(北区),浦东,金桥,龙居花苑(北区),3
嘉定-方泰-花中苑,嘉定,方泰,花中苑,3
嘉定-江桥新城-丰盛雅苑(公寓住宅),嘉定,江桥新城,丰盛雅苑(公寓住宅),3
嘉定-江桥新城-曹安公路2266号小区,嘉定,江桥新城,曹安公路2266号小区,3
杨浦-五角场-复旦第一宿舍,杨浦,五角场,复旦第一宿舍,3
杨浦-五角场-民星路408弄小区,杨浦,五角场,民星路408弄小区,3
金山-山阳-金悦华庭(别墅),金山,山阳,金悦华庭(别墅),3
徐汇-上海南站-石龙路332弄小区,徐汇,上海南站,石龙路332弄小区,3
徐汇-复兴中路-岳阳路77弄小区,徐汇,复兴中路,岳阳路77弄小区,3
嘉定-安亭-万科湖语森林(别墅),嘉定,安亭,万科湖语森林(别墅),3
嘉定-安亭-紫荆一村,嘉定,安亭,紫荆一村,3
青浦-徐泾北城-瑞和明庭(北区),青浦,徐泾北城,瑞和明庭(北区),3
浦东-金桥-枣庄路118弄小区,浦东,金桥,枣庄路118弄小区,3
浦东-金桥-东陆锦悦苑,浦东,金桥,东陆锦悦苑,3
静安-天目西路-蝶花公寓,静安,天目西路,蝶花公寓,3
静安-彭浦-景凤路280弄小区,静安,彭浦,景凤路280弄小区,3
松江-车墩-影都小区,松江,车墩,影都小区,3
闵行-金虹桥-旅专小区,闵行,金虹桥,旅专小区,3
闵行-静安新城-金居苑,闵行,静安新城,金居苑,3
闵行-静安新城-静城公寓(静安新城二区61号),闵行,静安新城,静城公寓(静安新城二区61号),3
浦东-花木-杏花新苑,浦东,花木,杏花新苑,3
浦东-临港新城-大名城映晖,浦东,临港新城,大名城映晖,3
浦东-御桥-康桥华庭,浦东,御桥,康桥华庭,3
浦东-北蔡-博安苑,浦东,北蔡,博安苑,3
宝山-通河新村-龙缘花园,宝山,通河新村,龙缘花园,3
金山-石化-清风别墅,金山,石化,清风别墅,3
嘉定-南翔-湖畔天下,嘉定,南翔,湖畔天下,3
浦东-源深-金博尚品(商住楼),浦东,源深,金博尚品(商住楼),3
徐汇-斜土路-凯悦公寓,徐汇,斜土路,凯悦公寓,3
徐汇-斜土路-小木桥路318-320号(双)小区,徐汇,斜土路,小木桥路318-320号(双)小区,3
徐汇-斜土路-斜土路1216-1220号小区,徐汇,斜土路,斜土路1216-1220号小区,3
松江-泗泾-中铁建花语天境(公寓住宅),松江,泗泾,中铁建花语天境(公寓住宅),3
徐汇-龙华-上飞新村,徐汇,龙华,上飞新村,3
杨浦-杨浦大桥-华发公馆,杨浦,杨浦大桥,华发公馆,3
嘉定-嘉定新城-深城投十一街区(中区),嘉定,嘉定新城,深城投十一街区(中区),3
长宁-古北-华园大厦,长宁,古北,华园大厦,3
长宁-中山公园-安化路525-535号小区,长宁,中山公园,安化路525-535号小区,3
长宁-中山公园-愚园路1032弄131支弄小区,长宁,中山公园,愚园路1032弄131支弄小区,3
浦东-北蔡-莲中二村,浦东,北蔡,莲中二村,3
浦东-北蔡-锦三角花园(公寓住宅),浦东,北蔡,锦三角花园(公寓住宅),3
普陀-曹杨-开开公寓,普陀,曹杨,开开公寓,3
浦东-新场-中洲华庭(商住楼),浦东,新场,中洲华庭(商住楼),3
浦东-洋泾-民生四村,浦东,洋泾,民生四村,3
浦东-新场-兴欣花苑,浦东,新场,兴欣花苑,3
浦东-曹路-上川路1638弄小区,浦东,曹路,上川路1638弄小区,3
浦东-曹路-金钻天地,浦东,曹路,金钻天地,3
徐汇-田林-桂康小区,徐汇,田林,桂康小区,3
浦东-三林-上浦路355弄小区,浦东,三林,上浦路355弄小区,3
浦东-泥城-龙超八村,浦东,泥城,龙超八村,3
闵行-莘庄南广场-莘中新村,闵行,莘庄南广场,莘中新村,3
浦东-洋泾-鼎隆大厦,浦东,洋泾,鼎隆大厦,3
崇明-陈家-招商·碧桂园十里海湾,崇明,陈家,招商·碧桂园十里海湾,3
黄浦-淮海中路-中海建国里,黄浦,淮海中路,中海建国里,3
徐汇-衡山路-百安小区,徐汇,衡山路,百安小区,3
宝山-上海大学-上大阳光乾恩园,宝山,上海大学,上大阳光乾恩园,3
浦东-世博-恒大星级公寓(二期),浦东,世博,恒大星级公寓(二期),3
浦东-三林-三林银杏苑,浦东,三林,三林银杏苑,3
徐汇-长桥-绿洲庭苑,徐汇,长桥,绿洲庭苑,3
青浦-赵巷-北竿山国际艺术中心别墅,青浦,赵巷,北竿山国际艺术中心别墅,3
长宁-北新泾-协合花苑,长宁,北新泾,协合花苑,3
长宁-新华路-良华公寓,长宁,新华路,良华公寓,3
嘉定-嘉定城区-和华名苑,嘉定,嘉定城区,和华名苑,3
黄浦-打浦桥-华业公寓(黄浦),黄浦,打浦桥,华业公寓(黄浦),3
嘉定-南翔-金地格林世界城市公馆,嘉定,南翔,金地格林世界城市公馆,3
杨浦-周家嘴路-海鹏苑,杨浦,周家嘴路,海鹏苑,2
嘉定-南翔-绿洲茗馨公寓,嘉定,南翔,绿洲茗馨公寓,2
静安-静安寺-胶州路424弄小区,静安,静安寺,胶州路424弄小区,2
杨浦-黄兴-杨浦公寓,杨浦,黄兴,杨浦公寓,2
长宁-天山-天山路1726弄小区,长宁,天山,天山路1726弄小区,2
长宁-天山-紫云大厦,长宁,天山,紫云大厦,2
长宁-西郊公园-雅园,长宁,西郊公园,雅园,2
长宁-镇宁路-东方雅苑,长宁,镇宁路,东方雅苑,2
长宁-长宁周边-淮新大楼,长宁,长宁周边,淮新大楼,2
崇明-城桥-达安御廷花园(公寓住宅),崇明,城桥,达安御廷花园(公寓住宅),2
崇明-陈家-光明墅(新房),崇明,陈家,光明墅(新房),2
长宁-新华路-新华大厦,长宁,新华路,新华大厦,2
静安-西藏北路-宝通大楼,静安,西藏北路,宝通大楼,2
杨浦-五角场-创智坊(一期北区),杨浦,五角场,创智坊(一期北区),2
杨浦-五角场-民京路838弄小区,杨浦,五角场,民京路838弄小区,2
杨浦-黄兴-佳木斯路208弄小区,杨浦,黄兴,佳木斯路208弄小区,2
静安-江宁路-众乐小区,静安,江宁路,众乐小区,2
静安-江宁路-天香公寓,静安,江宁路,天香公寓,2
杨浦-鞍山-锦西路六十三弄住宅小区,杨浦,鞍山,锦西路六十三弄住宅小区,2
杨浦-东外滩-民治路12弄小区,杨浦,东外滩,民治路12弄小区,2
杨浦-东外滩-渭南路145弄小区,杨浦,东外滩,渭南路145弄小区,2
松江-新浜-林天花苑,松江,新浜,林天花苑,2
闵行-古美罗阳-华一新城,闵行,古美罗阳,华一新城,2
长宁-西郊公园-金浜路105弄小区,长宁,西郊公园,金浜路105弄小区,2
长宁-天山-茅台路575弄小区,长宁,天山,茅台路575弄小区,2
长宁-新华路-福苑大厦,长宁,新华路,福苑大厦,2
长宁-江苏路站-徐家宅小区(长宁),长宁,江苏路站,徐家宅小区(长宁),2
松江-松江新城-华亭别墅,松江,松江新城,华亭别墅,2
松江-中山-谷阳南路1-55号小区,松江,中山,谷阳南路1-55号小区,2
普陀-长风-中海紫御豪庭(一二期别墅),普陀,长风,中海紫御豪庭(一二期别墅),2
静安-彭浦-景凤路380弄小区,静安,彭浦,景凤路380弄小区,2
静安-彭浦-芳苑,静安,彭浦,芳苑,2
松江-泗泾-大和别墅,松江,泗泾,大和别墅,2
嘉定-安亭-上城名都(别墅),嘉定,安亭,上城名都(别墅),2
闵行-春申-腾谷苑,闵行,春申,腾谷苑,2
徐汇-万体馆-漕北小区,徐汇,万体馆,漕北小区,2
长宁-中山公园-古北路371弄小区,长宁,中山公园,古北路371弄小区,2
松江-松江新城-赛杰苑(别墅),松江,松江新城,赛杰苑(别墅),2
静安-彭浦-星保花苑,静安,彭浦,星保花苑,2
奉贤-西渡-玉兰公寓,奉贤,西渡,玉兰公寓,2
松江-莘闵-雅仕居(公寓住宅),松江,莘闵,雅仕居(公寓住宅),2
普陀-长寿路-工行大楼,普陀,长寿路,工行大楼,2
浦东-三林-环球翡翠湾花园(别墅),浦东,三林,环球翡翠湾花园(别墅),2
普陀-真如-兰溪公寓,普陀,真如,兰溪公寓,2
"普陀-真如-新村路410,450,456,470,476,490,496,502号小区",普陀,真如,"新村路410,450,456,470,476,490,496,502号小区",2
浦东-三林-鹏兆苑,浦东,三林,鹏兆苑,2
浦东-世博-六里新村,浦东,世博,六里新村,2
静安-北京西路-振安广场,静安,北京西路,振安广场,2
浦东-东昌路站-良友大厦,浦东,东昌路站,良友大厦,2
普陀-甘泉宜川-华延公寓,普陀,甘泉宜川,华延公寓,2
普陀-甘泉宜川-灵芝公寓,普陀,甘泉宜川,灵芝公寓,2
奉贤-南桥-国欣颐养中澳城,奉贤,南桥,国欣颐养中澳城,2
闵行-浦江-一品漫城(五期别墅),闵行,浦江,一品漫城(五期别墅),2
金山-张堰-金山东风新村,金山,张堰,金山东风新村,2
金山-枫泾-乌镇璟园,金山,枫泾,乌镇璟园,2
崇明-城桥-新苑新村(公寓住宅),崇明,城桥,新苑新村(公寓住宅),2
嘉定-外冈-冈身苑,嘉定,外冈,冈身苑,2
浦东-临港新城-磐达华庭,浦东,临港新城,磐达华庭,2
浦东-临港新城-祥安兰苑,浦东,临港新城,祥安兰苑,2
浦东-书院-东方颐城,浦东,书院,东方颐城,2
浦东-合庆-泰兴公寓,浦东,合庆,泰兴公寓,2
普陀-曹杨-嘉安大厦,普陀,曹杨,嘉安大厦,2
"普陀-武宁-万航渡后路85,87号小区",普陀,武宁,"万航渡后路85,87号小区",2
徐汇-长桥-罗香苑,徐汇,长桥,罗香苑,2
浦东-周浦-康馨苑,浦东,周浦,康馨苑,2
嘉定-嘉定城区-高层小区,嘉定,嘉定城区,高层小区,2
闵行-浦江-浦江世博家园六街坊,闵行,浦江,浦江世博家园六街坊,2
嘉定-嘉定城区-嘉宝公寓,嘉定,嘉定城区,嘉宝公寓,2
虹口-曲阳-春满园(C区),虹口,曲阳,春满园(C区),2
虹口-曲阳-玉四花苑,虹口,曲阳,玉四花苑,2
虹口-曲阳-玉田大楼,虹口,曲阳,玉田大楼,2
虹口-江湾-合虹公寓,虹口,江湾,合虹公寓,2
虹口-江湾-忠烈小区,虹口,江湾,忠烈小区,2
虹口-鲁迅公园-机施大楼,虹口,鲁迅公园,机施大楼,2
闵行-龙柏金汇-虹桥衡园,闵行,龙柏金汇,虹桥衡园,2
浦东-周浦-金宝公寓,浦东,周浦,金宝公寓,2
浦东-外高桥-潼港兴高苑,浦东,外高桥,潼港兴高苑,2
浦东-周浦-瑞阳苑(B区),浦东,周浦,瑞阳苑(B区),2
闵行-龙柏金汇-青杉路318弄小区,闵行,龙柏金汇,青杉路318弄小区,2
青浦-徐泾-中骏天珑,青浦,徐泾,中骏天珑,2
青浦-徐泾-康虹佳园(别墅),青浦,徐泾,康虹佳园(别墅),2
浦东-川沙-临园西小区,浦东,川沙,临园西小区,2
浦东-川沙-城南路374弄小区,浦东,川沙,城南路374弄小区,2
嘉定-江桥新城-江桥新苑,嘉定,江桥新城,江桥新苑,2
宝山-淞宝-同泰北路401弄小区,宝山,淞宝,同泰北路401弄小区,2
嘉定-嘉定城区-民园小区,嘉定,嘉定城区,民园小区,2
虹口-四川北路-横浜路323-325号小区,虹口,四川北路,横浜路323-325号小区,2
宝山-共康-沪太路4201弄小区,宝山,共康,沪太路4201弄小区,2
宝山-大场-华和民祥园(东园),宝山,大场,华和民祥园(东园),2
闵行-颛桥-日月华庭(三期),闵行,颛桥,日月华庭(三期),2
浦东-张江-浦开世纪珑墅,浦东,张江,浦开世纪珑墅,2
浦东-惠南-中汇花园(浦东),浦东,惠南,中汇花园(浦东),2
闵行-龙柏金汇-紫薇苑,闵行,龙柏金汇,紫薇苑,2
闵行-金虹桥-臻园(公寓住宅),闵行,金虹桥,臻园(公寓住宅),2
浦东-惠南-煌烘雅墅(别墅),浦东,惠南,煌烘雅墅(别墅),2
浦东-惠南-莎海苑,浦东,惠南,莎海苑,2
浦东-惠南-香桂园,浦东,惠南,香桂园,2
浦东-新场-安广苑(别墅),浦东,新场,安广苑(别墅),2
徐汇-漕宝路站-漕东路38号小区,徐汇,漕宝路站,漕东路38号小区,2
徐汇-肇嘉浜路站-裕华大厦,徐汇,肇嘉浜路站,裕华大厦,2
徐汇-长桥-上海中学住宅区,徐汇,长桥,上海中学住宅区,2
浦东-洋泾-中企海睿滨江,浦东,洋泾,中企海睿滨江,2
闵行-老闵行-兰坪路302弄小区,闵行,老闵行,兰坪路302弄小区,2
闵行-老闵行-金铭福邸四期,闵行,老闵行,金铭福邸四期,2
宝山-淞南-上港星江湾二期,宝山,淞南,上港星江湾二期,2
虹口-北外滩-荣胜公寓,虹口,北外滩,荣胜公寓,2
虹口-四川北路-海昌苑(一期),虹口,四川北路,海昌苑(一期),2
虹口-四川北路-绿寓,虹口,四川北路,绿寓,2
虹口-凉城-建机新村,虹口,凉城,建机新村,2
虹口-凉城-黄山路12号小区,虹口,凉城,黄山路12号小区,2
浦东-洋泾-申舟明阳苑,浦东,洋泾,申舟明阳苑,2
浦东-碧云-和景商务楼,浦东,碧云,和景商务楼,2
浦东-江镇-大华锦绣东郊,浦东,江镇,大华锦绣东郊,2
浦东-金桥-居家桥路520弄小区,浦东,金桥,居家桥路520弄小区,2
浦东-金杨新村-金云苑,浦东,金杨新村,金云苑,2
嘉定-封浜-南山虹桥领峯,嘉定,封浜,南山虹桥领峯,2
闵行-莘庄南广场-众众家园(北苑),闵行,莘庄南广场,众众家园(北苑),2
浦东-陆家嘴-东昌大楼,浦东,陆家嘴,东昌大楼,2
浦东-陆家嘴-东泰大楼,浦东,陆家嘴,东泰大楼,2
嘉定-江桥新城-创业家园商务楼,嘉定,江桥新城,创业家园商务楼,2
徐汇-徐家汇-恒安阁,徐汇,徐家汇,恒安阁,2
徐汇-徐家汇-淮海中路1801号小区,徐汇,徐家汇,淮海中路1801号小区,2
浦东-高东-高东新村(141弄),浦东,高东,高东新村(141弄),2
浦东-高桥-幸福小镇明丰绿都(别墅),浦东,高桥,幸福小镇明丰绿都(别墅),2
奉贤-庄行-邬桥耀光小区,奉贤,庄行,邬桥耀光小区,2
杨浦-新江湾城-江湾名邸(公寓住宅),杨浦,新江湾城,江湾名邸(公寓住宅),2
嘉定-南翔-德华路226弄小区,嘉定,南翔,德华路226弄小区,2
杨浦-江浦路-明阳公寓,杨浦,江浦路,明阳公寓,2
杨浦-鞍山-爱联大厦,杨浦,鞍山,爱联大厦,2
长宁-新华路-新华路一号,长宁,新华路,新华路一号,2
黄浦-董家渡-南车站路192弄小区,黄浦,董家渡,南车站路192弄小区,2
黄浦-蓬莱公园-金汇园,黄浦,蓬莱公园,金汇园,2
嘉定-华亭-绿洲华亭茗苑(别墅),嘉定,华亭,绿洲华亭茗苑(别墅),2
黄浦-复兴公园-金谷邨,黄浦,复兴公园,金谷邨,2
嘉定-南翔-金地格林春晓(公寓住宅),嘉定,南翔,金地格林春晓(公寓住宅),2
黄浦-淮海中路-巨鹿路374弄小区,黄浦,淮海中路,巨鹿路374弄小区,1
嘉定-嘉定城区-嘉城名苑,嘉定,嘉定城区,嘉城名苑,1
嘉定-嘉定城区-南苑北十村,嘉定,嘉定城区,南苑北十村,1
黄浦-淮海中路-绍兴路17弄公寓,黄浦,淮海中路,绍兴路17弄公寓,1
黄浦-蓬莱公园-惠国公寓,黄浦,蓬莱公园,惠国公寓,1
黄浦-复兴公园-陕西南路271弄23支弄小区,黄浦,复兴公园,陕西南路271弄23支弄小区,1
黄浦-黄浦世博滨江-淞园大厦,黄浦,黄浦世博滨江,淞园大厦,1
黄浦-老西门-惠达大厦,黄浦,老西门,惠达大厦,1
黄浦-淮海中路-飞霞别墅旧址,黄浦,淮海中路,飞霞别墅旧址,1
长宁-新华路-新华路84弄小区,长宁,新华路,新华路84弄小区,1
杨浦-鞍山-江升公寓,杨浦,鞍山,江升公寓,1
杨浦-鞍山-打虎山路118弄小区,杨浦,鞍山,打虎山路118弄小区,1
杨浦-鞍山-君欣豪庭,杨浦,鞍山,君欣豪庭,1
杨浦-鞍山-上焊大楼,杨浦,鞍山,上焊大楼,1
黄浦-董家渡-蓬莱花苑,黄浦,董家渡,蓬莱花苑,1
杨浦-中原-星源花苑,杨浦,中原,星源花苑,1
黄浦-打浦桥-天歌大厦,黄浦,打浦桥,天歌大厦,1
黄浦-打浦桥-原水小区(泰康路),黄浦,打浦桥,原水小区(泰康路),1
黄浦-打浦桥-丽园路694弄小区,黄浦,打浦桥,丽园路694弄小区,1
奉贤-庄行-申亚乐庭,奉贤,庄行,申亚乐庭,1
奉贤-庄行-冷泾南区,奉贤,庄行,冷泾南区,1
浦东-金桥-阳光欧洲城一期,浦东,金桥,阳光欧洲城一期,1
徐汇-康健-光大会展中心F座,徐汇,康健,光大会展中心F座,1
嘉定-朱桥-嘉定蔷薇苑,嘉定,朱桥,嘉定蔷薇苑,1
闵行-航华-航华三村四街坊,闵行,航华,航华三村四街坊,1
闵行-航华-永兴小区(东区),闵行,航华,永兴小区(东区),1
宝山-共富新村-上坤乐城(商住楼),宝山,共富新村,上坤乐城(商住楼),1
浦东-金杨新村-金杨金台苑,浦东,金杨新村,金杨金台苑,1
浦东-金杨新村-南江公寓,浦东,金杨新村,南江公寓,1
徐汇-斜土路-瑞嘉公寓,徐汇,斜土路,瑞嘉公寓,1
徐汇-徐汇周边-虹六小区,徐汇,徐汇周边,虹六小区,1
徐汇-湖南路-潘兴公寓,徐汇,湖南路,潘兴公寓,1
浦东-航头-枫林雅苑,浦东,航头,枫林雅苑,1
浦东-航头-富康别墅,浦东,航头,富康别墅,1
宝山-张庙-珺乐苑,宝山,张庙,珺乐苑,1
宝山-大场-金鑫花园(别墅),宝山,大场,金鑫花园(别墅),1
闵行-金虹桥-外贸生活小区,闵行,金虹桥,外贸生活小区,1
闵行-金虹桥-东航海申公寓,闵行,金虹桥,东航海申公寓,1
闵行-莘庄南广场-银霄大厦,闵行,莘庄南广场,银霄大厦,1
虹口-凉城-广中路312-558号小区,虹口,凉城,广中路312-558号小区,1
虹口-四川北路-申贝大厦,虹口,四川北路,申贝大厦,1
虹口-凉城-北宝兴路345弄小区,虹口,凉城,北宝兴路345弄小区,1
虹口-临平路-虹诚大厦,虹口,临平路,虹诚大厦,1
虹口-临平路-天宝路15弄小区,虹口,临平路,天宝路15弄小区,1
虹口-临平路-四达路210弄小区,虹口,临平路,四达路210弄小区,1
虹口-北外滩-虹领公寓,虹口,北外滩,虹领公寓,1
闵行-浦江-瑞和雅苑叁街区,闵行,浦江,瑞和雅苑叁街区,1
闵行-莘庄南广场-水清路759弄小区,闵行,莘庄南广场,水清路759弄小区,1
浦东-新场-通汇新村,浦东,新场,通汇新村,1
浦东-新场-新奉公路2弄小区,浦东,新场,新奉公路2弄小区,1
浦东-新场-东方冠郡(南区别墅),浦东,新场,东方冠郡(南区别墅),1
浦东-梅园-教师大楼,浦东,梅园,教师大楼,1
闵行-金虹桥-红春二公寓,闵行,金虹桥,红春二公寓,1
闵行-龙柏金汇-旭辉识庐,闵行,龙柏金汇,旭辉识庐,1
嘉定-江桥新城-香馥湾(商住楼),嘉定,江桥新城,香馥湾(商住楼),1
浦东-张江-盛大天地青春里(一期),浦东,张江,盛大天地青春里(一期),1
徐汇-龙华-玖辉公寓,徐汇,龙华,玖辉公寓,1
浦东-康桥-康桥半岛十九尊别墅,浦东,康桥,康桥半岛十九尊别墅,1
浦东-康桥-和合新村(西区),浦东,康桥,和合新村(西区),1
浦东-张江-宝地东郊四季,浦东,张江,宝地东郊四季,1
浦东-张江-古桐路60弄小区,浦东,张江,古桐路60弄小区,1
闵行-马桥-中街157弄小区,闵行,马桥,中街157弄小区,1
闵行-马桥-东新街1-25号小区,闵行,马桥,东新街1-25号小区,1
闵行-颛桥-颛卫路155弄小区,闵行,颛桥,颛卫路155弄小区,1
虹口-四川北路-浦西公寓,虹口,四川北路,浦西公寓,1
虹口-四川北路-泰业公寓,虹口,四川北路,泰业公寓,1
虹口-四川北路-永乐坊,虹口,四川北路,永乐坊,1
虹口-和平公园-幸二小区,虹口,和平公园,幸二小区,1
徐汇-徐家汇-中科小区(徐汇),徐汇,徐家汇,中科小区(徐汇),1
徐汇-建国西路-建国西路211弄小区,徐汇,建国西路,建国西路211弄小区,1
徐汇-建国西路-太原路209号洋房,徐汇,建国西路,太原路209号洋房,1
嘉定-嘉定城区-浦发香舍(别墅),嘉定,嘉定城区,浦发香舍(别墅),1
宝山-大场-环镇北路323弄小区,宝山,大场,环镇北路323弄小区,1
宝山-大场-洛场路300弄小区,宝山,大场,洛场路300弄小区,1
虹口-北外滩-新兴大厦,虹口,北外滩,新兴大厦,1
虹口-北外滩-安国大楼,虹口,北外滩,安国大楼,1
"虹口-北外滩-东长治路320,330号小区",虹口,北外滩,"东长治路320,330号小区",1
浦东-川沙-砖石苑,浦东,川沙,砖石苑,1
浦东-川沙-益民路3-45号小区,浦东,川沙,益民路3-45号小区,1
浦东-川沙-新德路558弄小区,浦东,川沙,新德路558弄小区,1
"浦东-川沙-新德路379弄,381-385号小区",浦东,川沙,"新德路379弄,381-385号小区",1
浦东-川沙-新德路341弄小区,浦东,川沙,新德路341弄小区,1
浦东-川沙-华府188,浦东,川沙,华府188,1
浦东-外高桥-通园公寓,浦东,外高桥,通园公寓,1
浦东-川沙-西泥路113弄小区,浦东,川沙,西泥路113弄小区,1
宝山-共富新村-央玺(别墅),宝山,共富新村,央玺(别墅),1
闵行-龙柏金汇-龙柏8号,闵行,龙柏金汇,龙柏8号,1
浦东-外高桥-石家街60弄小区,浦东,外高桥,石家街60弄小区,1
浦东-外高桥-季景北路783-857号,浦东,外高桥,季景北路783-857号,1
浦东-外高桥-大同路347弄小区,浦东,外高桥,大同路347弄小区,1
浦东-外高桥-同清苑,浦东,外高桥,同清苑,1
浦东-塘桥-香园(东区),浦东,塘桥,香园(东区),1
浦东-塘桥-塘南路159弄小区,浦东,塘桥,塘南路159弄小区,1
浦东-川沙-妙境二村,浦东,川沙,妙境二村,1
浦东-周浦-东八公寓东区,浦东,周浦,东八公寓东区,1
青浦-徐泾-金水宝邸(别墅),青浦,徐泾,金水宝邸(别墅),1
青浦-徐泾-西郊玫瑰湾花苑(公寓住宅),青浦,徐泾,西郊玫瑰湾花苑(公寓住宅),1
青浦-徐泾-翠景园(别墅),青浦,徐泾,翠景园(别墅),1
青浦-朱家角-首创禧悦繁花里一期,青浦,朱家角,首创禧悦繁花里一期,1
虹口-鲁迅公园-怡景大厦,虹口,鲁迅公园,怡景大厦,1
虹口-鲁迅公园-四平路325弄小区,虹口,鲁迅公园,四平路325弄小区,1
虹口-江湾-科兴公寓,虹口,江湾,科兴公寓,1
徐汇-康健-康健路363弄小区,徐汇,康健,康健路363弄小区,1
"虹口-和平公园-大连西路47,49号小区",虹口,和平公园,"大连西路47,49号小区",1
虹口-大柏树-水电路80弄小区,虹口,大柏树,水电路80弄小区,1
宝山-淞宝-宝钢五村西门街(北区),宝山,淞宝,宝钢五村西门街(北区),1
浦东-周浦-康沈路1472弄小区,浦东,周浦,康沈路1472弄小区,1
浦东-南码头-塘南路5-9号(单)小区,浦东,南码头,塘南路5-9号(单)小区,1
浦东-北蔡-高科西路2763弄小区,浦东,北蔡,高科西路2763弄小区,1
浦东-北蔡-莲溪八村,浦东,北蔡,莲溪八村,1
浦东-周浦-梓潼公寓,浦东,周浦,梓潼公寓,1
浦东-北蔡-宝华海尚郡领(别墅),浦东,北蔡,宝华海尚郡领(别墅),1
浦东-八佰伴-荣成路17弄小区,浦东,八佰伴,荣成路17弄小区,1
青浦-青浦新城-新盈新村(东区),青浦,青浦新城,新盈新村(东区),1
徐汇-复兴中路-淮海大楼,徐汇,复兴中路,淮海大楼,1
徐汇-华东理工-老沪闵路709弄小区,徐汇,华东理工,老沪闵路709弄小区,1
嘉定-嘉定新城-新乐花苑,嘉定,嘉定新城,新乐花苑,1
金山-朱泾-朱泾名园,金山,朱泾,朱泾名园,1
金山-朱泾-天鸿苑,金山,朱泾,天鸿苑,1
金山-朱泾-北圩新村,金山,朱泾,北圩新村,1
金山-朱泾-凤翔新村,金山,朱泾,凤翔新村,1
金山-石化-广厦大楼,金山,石化,广厦大楼,1
闵行-浦江-万科翡翠别墅(五期),闵行,浦江,万科翡翠别墅(五期),1
闵行-梅陇-中春三水苑,闵行,梅陇,中春三水苑,1
金山-亭林-中心新村,金山,亭林,中心新村,1
青浦-青浦新城-庆华一村,青浦,青浦新城,庆华一村,1
奉贤-南桥-恒龙金尊广场,奉贤,南桥,恒龙金尊广场,1
浦东-东昌路站-乳山四村,浦东,东昌路站,乳山四村,1
浦东-世纪公园-香梅花园(四期),浦东,世纪公园,香梅花园(四期),1
浦东-世纪公园-樱花路309弄小区,浦东,世纪公园,樱花路309弄小区,1
青浦-重固-新长宁·水韵名邸,青浦,重固,新长宁·水韵名邸,1
青浦-赵巷-龙湖滟澜山(二期别墅),青浦,赵巷,龙湖滟澜山(二期别墅),1
静安-南京西路-陕西北路354弄小区,静安,南京西路,陕西北路354弄小区,1
静安-南京西路-德义大楼,静安,南京西路,德义大楼,1
静安-南京西路-南京西路820弄小区,静安,南京西路,南京西路820弄小区,1
静安-南京西路-众立公寓,静安,南京西路,众立公寓,1
静安-北京西路-中房华东大厦,静安,北京西路,中房华东大厦,1
浦东-世博-上南五村(121弄7支弄),浦东,世博,上南五村(121弄7支弄),1
嘉定-黄渡-欣盛茗苑二区,嘉定,黄渡,欣盛茗苑二区,1
浦东-东昌路站-凯旋汇,浦东,东昌路站,凯旋汇,1
浦东-三林-思浦路14弄小区,浦东,三林,思浦路14弄小区,1
宝山-上海大学-经纬·学府阳光,宝山,上海大学,经纬·学府阳光,1
奉贤-金汇-苗汇路16号小区,奉贤,金汇,苗汇路16号小区,1
奉贤-金汇-泰南一村,奉贤,金汇,泰南一村,1
松江-洞泾-九洲公馆,松江,洞泾,九洲公馆,1
普陀-武宁-岚皋西路145弄小区,普陀,武宁,岚皋西路145弄小区,1
普陀-长寿路-湖南大厦,普陀,长寿路,湖南大厦,1
普陀-长寿路-圣天地商务楼,普陀,长寿路,圣天地商务楼,1
松江-泗泾-会波苑(别墅),松江,泗泾,会波苑(别墅),1
松江-车墩-松南城华品苑,松江,车墩,松南城华品苑,1
松江-车墩-同润玫瑰园(商住楼),松江,车墩,同润玫瑰园(商住楼),1
青浦-青浦新城-物资大楼(青浦),青浦,青浦新城,物资大楼(青浦),1
静安-彭浦-怡丰公寓,静安,彭浦,怡丰公寓,1
静安-彭浦-屹立公寓,静安,彭浦,屹立公寓,1
静安-彭浦-临汾路1105弄小区,静安,彭浦,临汾路1105弄小区,1
静安-大宁-明园森林都市揽翠苑,静安,大宁,明园森林都市揽翠苑,1
松江-新桥-阳光理想城,松江,新桥,阳光理想城,1
松江-松江老城-乐都路67弄小区,松江,松江老城,乐都路67弄小区,1
长宁-中山公园-愚园路750弄小区,长宁,中山公园,愚园路750弄小区,1
长宁-中山公园-利西路125弄小区,长宁,中山公园,利西路125弄小区,1
长宁-北新泾-檀宫,长宁,北新泾,檀宫,1
徐汇-万体馆-宛平南路493弄小区,徐汇,万体馆,宛平南路493弄小区,1
金山-金山周边-老西门花苑,金山,金山周边,老西门花苑,1
金山-金山周边-秦弯路1026弄小区,金山,金山周边,秦弯路1026弄小区,1
金山-石化-松卫新村,金山,石化,松卫新村,1
长宁-中山公园-花园大厦,长宁,中山公园,花园大厦,1
闵行-春申-天宸国际社区,闵行,春申,天宸国际社区,1
闵行-吴泾-兰香湖贰号,闵行,吴泾,兰香湖贰号,1
闵行-吴泾-兰香湖壹号,闵行,吴泾,兰香湖壹号,1
闵行-古美罗阳-鸿发家园(南区),闵行,古美罗阳,鸿发家园(南区),1
松江-松江新城-玉树苑,松江,松江新城,玉树苑,1
松江-泗泾-新南丽都(公寓住宅),松江,泗泾,新南丽都(公寓住宅),1
静安-曹家渡-万航渡路682号小区,静安,曹家渡,万航渡路682号小区,1
静安-新闸路-大德公寓,静安,新闸路,大德公寓,1
静安-新客站-徐汇新式里弄,静安,新客站,徐汇新式里弄,1
静安-新客站-和馨苑,静安,新客站,和馨苑,1
静安-彭浦-阳泉小苑,静安,彭浦,阳泉小苑,1
杨浦-东外滩-宝立公寓,杨浦,东外滩,宝立公寓,1
松江-九亭-九亭教师楼,松江,九亭,九亭教师楼,1
松江-松江新城-人乐二村,松江,松江新城,人乐二村,1
长宁-新华路-番禺路277弄小区,长宁,新华路,番禺路277弄小区,1
长宁-新华路-淮海世纪花苑,长宁,新华路,淮海世纪花苑,1
长宁-仙霞-茅台东苑,长宁,仙霞,茅台东苑,1
长宁-新华路-平武大楼,长宁,新华路,平武大楼,1
长宁-新华路-云阳村,长宁,新华路,云阳村,1
长宁-天山-紫虹大厦,长宁,天山,紫虹大厦,1
闵行-古美罗阳-半岛豪门(1935弄),闵行,古美罗阳,半岛豪门(1935弄),1
闵行-七宝-青年路246号小区,闵行,七宝,青年路246号小区,1
宝山-高境-紫逸佳苑,宝山,高境,紫逸佳苑,1
宝山-高境-殷馨花苑,宝山,高境,殷馨花苑,1
长宁-中山公园-新衡公寓,长宁,中山公园,新衡公寓,1
松江-松江大学城-星辰园(别墅),松江,松江大学城,星辰园(别墅),1
松江-岳阳-平高广场,松江,岳阳,平高广场,1
杨浦-东外滩-荣鑫公寓,杨浦,东外滩,荣鑫公寓,1
松江-中山-小塔前,松江,中山,小塔前,1
杨浦-黄兴-杨浦欣园(东区),杨浦,黄兴,杨浦欣园(东区),1
静安-江宁路-三乐小区,静安,江宁路,三乐小区,1
静安-曹家渡-新闸路1911弄小区,静安,曹家渡,新闸路1911弄小区,1
静安-曹家渡-延平路482弄小区,静安,曹家渡,延平路482弄小区,1
静安-曹家渡-延平路308弄小区,静安,曹家渡,延平路308弄小区,1
静安-曹家渡-安远路845-911号小区,静安,曹家渡,安远路845-911号小区,1
杨浦-黄兴-双阳路公房,杨浦,黄兴,双阳路公房,1
杨浦-黄兴-佳木斯路118-124号楼,杨浦,黄兴,佳木斯路118-124号楼,1
杨浦-五角场-武川路222弄小区,杨浦,五角场,武川路222弄小区,1
杨浦-五角场-复旦教师公寓,杨浦,五角场,复旦教师公寓,1
杨浦-五角场-中通公寓,杨浦,五角场,中通公寓,1
杨浦-五角场-三门路24弄小区,杨浦,五角场,三门路24弄小区,1
静安-闸北公园-延长路164-178号(双)小区,静安,闸北公园,延长路164-178号(双)小区,1
静安-江宁路-新闸路1730弄小区,静安,江宁路,新闸路1730弄小区,1
黄浦-南京东路-山西南路5号小区,黄浦,南京东路,山西南路5号小区,1
黄浦-人民广场-静安玺樾,黄浦,人民广场,静安玺樾,1
黄浦-人民广场-重新小区,黄浦,人民广场,重新小区,1
杨浦-江浦路-吴家浜小区,杨浦,江浦路,吴家浜小区,1
崇明-陈家-大通路208号小区,崇明,陈家,大通路208号小区,1
崇明-陈家-东滩花园(公寓住宅),崇明,陈家,东滩花园(公寓住宅),1
崇明-长兴岛-中南江山美宸(别墅),崇明,长兴岛,中南江山美宸(别墅),1
崇明-城桥-科技新村,崇明,城桥,科技新村,1
长宁-新华路-幸福小区,长宁,新华路,幸福小区,1
闵行-七宝-晟虹新景苑,闵行,七宝,晟虹新景苑,1
长宁-天山-娄山关路969弄小区,长宁,天山,娄山关路969弄小区,1
长宁-天山-天山公寓,长宁,天山,天山公寓,1
杨浦-杨浦周边-平凉路848号小区,杨浦,杨浦周边,平凉路848号小区,1
杨浦-杨浦公园-控江路652弄小区,杨浦,杨浦公园,控江路652弄小区,1
奉贤-南桥-金叶小区,奉贤,南桥,金叶小区,1
奉贤-南桥-解放四区,奉贤,南桥,解放四区,1
杨浦-黄兴-复旦宿舍0号楼,杨浦,黄兴,复旦宿舍0号楼,1
黄浦-五里桥-局门路405弄小区,黄浦,五里桥,局门路405弄小区,1
静安-静安寺-马克思公寓,静安,静安寺,马克思公寓,1
"静安-静安寺-愚园路348,354,356号小区",静安,静安寺,"愚园路348,354,356号小区",1
静安-静安寺-常德路968弄小区,静安,静安寺,常德路968弄小区,1
静安-静安寺-万航渡路130弄小区,静安,静安寺,万航渡路130弄小区,1
"杨浦-平凉路-霍山路1192,1196号小区",杨浦,平凉路,"霍山路1192,1196号小区",1
杨浦-五角场-香阁丽苑(别墅),杨浦,五角场,香阁丽苑(别墅),1
黄浦-蓬莱公园-欣安基公寓,黄浦,蓬莱公园,欣安基公寓,1
嘉定-华亭-嘉行公路3154弄小区,嘉定,华亭,嘉行公路3154弄小区,1
嘉定-丰庄-真建七街坊,嘉定,丰庄,真建七街坊,1
